Date,Close,High,Low,Open,Volume
6/3/2019,41.67277145,42.78372354,40.94415954,42.22584416,161584400
6/4/2019,43.1973381,43.24302726,41.96615262,42.18738103,123872000
6/5/2019,43.89468765,44.48383263,43.55803652,44.31310006,119093600
6/6/2019,44.53913116,44.59924769,43.80089848,44.02453386,90105200
6/7/2019,45.72463226,46.15025833,44.67139313,44.84933571,122737600
6/10/2019,46.30896759,46.97986648,46.07811849,46.12380764,104883600
6/11/2019,46.8452034,47.13135866,46.55424145,46.85722744,107731600
6/12/2019,46.6961174,47.12414681,46.50374377,46.63840421,73012800
6/13/2019,46.68649292,47.32132329,46.5542395,46.81875001,86698400
6/14/2019,46.34743881,46.5518328,45.76070092,46.06128356,75046000
6/17/2019,46.62397766,46.88127818,46.21037563,46.38591487,58676400
6/18/2019,47.72050095,48.16295773,46.94139306,47.14338372,106204000
6/19/2019,47.58103561,48.06437492,47.44637516,48.01627876,84496800
6/20/2019,47.96337128,48.23990583,47.61950284,48.18219265,86056000
6/21/2019,47.79985046,48.29761705,47.64835565,47.80466081,191202400
6/24/2019,47.75175858,48.13169545,47.65316659,47.74213788,72881600
6/25/2019,47.02796173,47.91527865,46.96062784,47.71569132,84281200
6/26/2019,48.04512787,48.33128312,47.45598665,47.55698198,104270000
6/27/2019,48.03070068,48.47075409,47.98982189,48.1629541,83598800
6/28/2019,47.5930481,47.97298496,47.38384377,47.775801,124442400
7/1/2019,48.46595001,49.17292103,48.24952829,48.85550397,109012000
7/2/2019,48.74968338,48.84587201,48.42024605,48.43227009,67740800
7/3/2019,49.15368652,49.16090021,48.74008445,48.8819586,45448000
7/5/2019,49.11039352,49.31479119,48.79057315,48.89878584,69062000
7/8/2019,48.09803009,48.42987081,47.71087952,48.28799669,101354400
7/9/2019,48.3914032,48.45632641,47.80706862,47.90085026,82312000
7/10/2019,48.86993027,48.99016333,48.46835227,48.53808951,71588400
7/11/2019,48.5140419,49.14887234,48.50442487,48.88916848,80767200
7/12/2019,48.88676071,49.05508625,48.62224652,48.68236305,70380800
7/15/2019,49.34605789,49.50476275,49.05509225,49.07673332,67789600
7/16/2019,49.17531204,49.56246257,48.93484597,49.19695311,67467200
7/17/2019,48.89878464,49.31719332,48.87954691,49.06711018,56430000
7/18/2019,49.45426941,49.50717226,48.98295414,49.05509472,74162400
7/19/2019,48.71602631,49.65624964,48.66072013,49.48551709,83717200
7/22/2019,49.82938385,49.83178719,48.96130111,48.97091814,89111600
7/23/2019,50.21893692,50.23577131,49.84621375,50.1275623,73420800
7/24/2019,50.17806244,50.29348514,49.81736328,49.93759633,59966400
7/25/2019,49.78129578,50.31513084,49.71155855,50.23096623,55638400
7/26/2019,49.95442963,50.43295482,49.8101485,49.89190609,70475600
7/29/2019,50.42092514,50.65177419,50.12274955,50.1275599,86693600
7/30/2019,50.20451355,50.53635795,49.85102808,50.1997032,135742800
7/31/2019,51.22890472,53.23198811,50.81049599,52.04168145,277125600
8/1/2019,50.1203537,52.42883001,49.71396902,51.43570372,216071600
8/2/2019,49.05988693,49.63940735,48.48517319,49.42298936,163448400
8/5/2019,46.49172211,47.76859671,46.30896916,47.60989185,209572000
8/6/2019,47.37182617,47.62912668,46.66004483,47.20590396,143299200
8/7/2019,47.86237717,47.98742058,46.60714734,46.98948761,133457600
8/8/2019,48.91802597,48.94207405,47.94654436,48.14132135,108038000
8/9/2019,48.5149231,48.94216265,48.10457452,48.58975024,98478800
8/12/2019,48.39180374,48.77077166,48.07076828,48.18421704,89927600
8/13/2019,50.44112396,51.20629729,48.39180867,48.52215579,188874000
8/14/2019,48.93973923,49.830431,48.90111759,49.0387058,146189600
8/15/2019,48.69594574,49.51663531,48.19628795,49.11111915,108909600
8/16/2019,49.8449173,50.00422881,49.20284629,49.30905397,110481600
8/19/2019,50.7742424,51.34872382,50.6969991,50.8394123,97654400
8/20/2019,50.77664185,51.49836859,50.76698828,50.90216034,107537200
8/21/2019,51.32698822,51.57078043,51.07595491,51.4114726,86141600
8/22/2019,51.28354645,51.76147735,50.87078543,51.45975264,89014800
8/23/2019,48.91320038,51.18458508,48.51733767,50.55216753,187272000
8/26/2019,49.84251022,50.01147533,49.49733524,49.69043979,104174400
8/27/2019,49.28008652,50.33974338,49.12801611,50.17319078,103493200
8/28/2019,49.61078644,49.65664919,49.07733918,49.26561512,63755200
8/29/2019,50.45078278,50.5256136,49.88354254,50.32768042,83962000
8/30/2019,50.38561249,50.79836982,50.01388559,50.72837131,84573600
9/3/2019,49.65181351,49.96077929,49.29457251,49.82801969,80092000
9/4/2019,50.49422455,50.56422305,50.04284565,50.30112003,76752400
9/5/2019,51.48148346,51.64803611,51.05424018,51.17251761,95654800
9/6/2019,51.47664261,51.75664399,51.2956078,51.66733467,77449200
9/9/2019,51.69630051,52.24423357,50.94802549,51.8580245,109237600
9/10/2019,52.30698776,52.32629858,51.10250524,51.6214702,127111600
9/11/2019,53.9701004,53.99906848,52.55561484,52.63768676,177158400
9/12/2019,53.8494072,54.6532022,53.79389089,54.26216819,128906800
9/13/2019,52.80181503,53.29422805,52.38422914,53.10353969,159053200
9/16/2019,53.07941437,53.13493437,52.51458654,52.55562067,84632400
9/17/2019,53.27251434,53.30148242,52.89113387,53.09389567,73274800
9/18/2019,53.77216721,53.79147803,52.96837221,53.35940622,101360000
9/19/2019,53.33525848,54.01111868,53.19284167,53.58870421,88242400
9/20/2019,52.55561829,53.72148306,52.49286087,53.43665669,221652400
9/23/2019,52.79458618,53.06493036,52.53630805,52.8501025,76662000
9/24/2019,52.54354477,53.70458452,52.42527104,53.35216844,124763200
9/25/2019,53.35216141,53.46561018,52.41319441,52.75354071,87613600
9/26/2019,53.07699966,53.33044917,52.82113769,53.10355159,75334000
9/27/2019,52.81872177,53.33527432,52.44699487,53.23389158,101408000
9/30/2019,54.06182861,54.20907042,53.29423901,53.32079093,103909600
10/1/2019,54.21148682,55.08769664,54.11734884,54.32735177,139223200
10/2/2019,52.85251236,53.96768564,52.60388783,53.84216714,138449200
10/3/2019,53.30147552,53.33526854,51.92802423,52.72457442,114426000
10/4/2019,54.79562378,54.91148873,54.04252003,54.46493465,138478800
10/7/2019,54.80768585,55.50044456,54.51320226,54.61699747,122306000
10/8/2019,54.16562271,55.04907362,54.14872804,54.50838525,111820000
10/9/2019,54.80044556,54.98389284,54.46492784,54.80044556,74770400
10/10/2019,55.53906631,55.6235507,54.86561843,55.01768517,113013600
10/11/2019,57.01631165,57.36148292,56.07492842,56.22941131,166795600
10/14/2019,56.93424225,57.47976286,56.64458728,56.70010359,96427600
10/15/2019,56.80148315,57.36389472,56.69527548,57.05975757,87360000
10/16/2019,56.57216644,56.78216931,56.2897526,56.33078671,73903200
10/17/2019,56.79182053,57.00181971,56.36699354,56.74595779,67585200
10/18/2019,57.06459045,57.34700433,56.55286285,56.62527752,97433600
10/21/2019,58.05424881,58.17011375,57.28425042,57.33252563,87247200
10/22/2019,57.92148972,58.46217803,57.8394178,58.2111447,82293600
10/23/2019,58.69872665,58.71321253,58.2256244,58.43803976,75828800
10/24/2019,58.79528046,59.08976405,58.36803726,59.01976186,69275200
10/25/2019,59.51942825,59.55563375,58.62632378,58.69390982,73477200
10/28/2019,60.1156311,60.16390632,59.55321581,59.72218091,96572800
10/29/2019,58.72527695,60.28459173,58.55148692,60.09631582,142839600
10/30/2019,58.7180481,59.21046494,58.22322246,59.08011779,124522000
10/31/2019,60.04562378,60.14459036,57.26975672,59.67872922,139162000
11/1/2019,61.74977112,61.77631936,60.14218105,60.23390286,151125200
11/4/2019,62.15527725,62.23976163,61.64355343,62.11423946,103272000
11/5/2019,62.06597519,62.32183713,61.87045818,62.04666068,79897600
11/6/2019,62.09252167,62.1528666,61.64114273,61.9790729,75864400
11/7/2019,62.80915833,63.03189768,62.48957866,62.64210566,94940400
11/8/2019,62.98103714,63.0536655,62.18451166,62.62998283,69986400
11/11/2019,63.47979736,63.54516291,62.53074455,62.53558398,81821200
11/12/2019,63.42166901,63.6226198,63.16988574,63.32240531,87388800
11/13/2019,64.0293808,64.10443261,63.20622693,63.22075261,102734400
11/14/2019,63.58631897,64.1286306,63.45558049,63.85505137,89182800
11/15/2019,64.3416748,64.34651423,63.67588763,63.83809346,100206400
11/18/2019,64.66609192,64.74598313,63.97125342,64.35135174,86703200
11/19/2019,64.46999359,64.88399012,64.25210107,64.85977819,76167200
11/20/2019,63.71946335,64.41914129,63.04398994,64.28841022,106234400
11/21/2019,63.43378448,63.91799335,63.23283367,63.84051816,121395200
11/22/2019,63.37809753,63.71704226,63.15051878,63.57420153,65325200
11/25/2019,64.48935699,64.50630608,63.55725344,63.60325388,84020400
11/26/2019,63.9858017,64.68064044,63.55243256,64.62737716,105207600
11/27/2019,64.84526825,64.87916643,64.23274416,64.29810972,65235600
11/29/2019,64.70240784,64.88398616,64.37556538,64.54504144,46617600
12/2/2019,63.95428848,64.94449443,63.78239646,64.70722949,94487200
12/3/2019,62.81398773,62.83335283,62.04893696,62.53798518,114430400
12/4/2019,63.36842346,63.74852926,63.11179331,63.2062176,67181600
12/5/2019,64.2980957,64.37315488,63.60810394,63.86473406,74424400
12/6/2019,65.54008484,65.61029719,64.71450789,64.7580923,106075600
12/9/2019,64.62252045,65.56187947,64.13588816,65.36819887,128042400
12/10/2019,65.00019836,65.38514351,64.36587857,65.02924971,90420400
12/11/2019,65.55462646,65.63452508,65.00505196,65.08010376,78756800
12/12/2019,65.72166443,65.98798077,64.71935596,64.83072193,137310400
12/13/2019,66.61504364,66.65135783,65.59336248,65.72167755,133587600
12/16/2019,67.75534821,67.98051096,67.05809359,67.06293302,128186000
12/17/2019,67.88851929,68.21777784,67.49872723,67.68515241,114158400
12/18/2019,67.72629547,68.24924196,67.5761919,67.74082115,116028400
12/19/2019,67.79408264,68.07492468,67.53503651,67.66819099,98369200
12/20/2019,67.65366364,68.4308168,67.44061055,68.32913707,275978000
12/23/2019,68.75766754,68.81819366,67.87882716,67.91756476,98572000
12/24/2019,68.82302094,68.97313188,68.49618588,68.92470804,48478800
12/26/2019,70.18849945,70.20544853,68.92713738,68.95618873,93121200
12/27/2019,70.16186523,71.17144402,69.75513154,70.48144488,146266000
12/30/2019,70.57827759,70.86154301,69.0530227,70.07954308,144114400
12/31/2019,71.09397125,71.10123409,70.09407868,70.19334239,100805600
1/2/2020,72.71609497,72.7766211,71.46683475,71.72104154,135480400
1/3/2020,72.00912476,72.7717523,71.78396939,71.94133581,146322800
1/6/2020,72.58291626,72.62165386,70.87608272,71.12787344,118387200
1/7/2020,72.24153137,72.84920836,72.02121549,72.5925783,108872000
1/8/2020,73.40365601,73.7062866,71.94376632,71.94376632,132079200
1/9/2020,74.96279144,75.15647202,74.13237507,74.38415834,170108400
1/10/2020,75.13227081,75.69880173,74.62869681,75.19764374,140644800
1/13/2020,76.73742676,76.76406209,75.33080045,75.44943666,121532000
1/14/2020,75.70121765,76.88511196,75.57774941,76.67448227,161954400
1/15/2020,75.37679291,76.38394823,74.94342391,75.50026853,121923600
1/16/2020,76.32099915,76.4323725,75.55837166,75.92152831,108829200
1/17/2020,77.16595459,77.16837061,76.26290232,76.57037232,137816400
1/21/2020,76.64299774,77.23614914,76.50499645,76.7931013,110843200
1/22/2020,76.91658783,77.47100171,76.82216355,77.12963354,101832400
1/23/2020,77.28701019,77.36690141,76.42027208,76.96985394,104472000
1/24/2020,77.06427765,78.2796395,76.87301304,77.53396094,146537600
1/27/2020,74.79815674,75.48088553,73.81279006,75.06688907,161940000
1/28/2020,76.91416931,77.08606142,75.58259473,75.68185845,162234000
1/29/2020,78.52413177,79.37392049,77.8075049,78.5507671,216229200
1/30/2020,78.41036987,78.46363315,77.17079623,77.60416528,126743200
1/31/2020,74.93373871,78.12224967,74.63837103,77.69856695,199588400
2/3/2020,74.72796631,75.89732764,73.16881294,73.67238698,173788400
2/4/2020,77.19499207,77.38625662,75.93120676,76.33794039,136616400
2/5/2020,77.82447815,78.62584329,77.21921703,78.32562874,118826800
2/6/2020,78.73478699,78.7372104,77.53637438,78.09563507,105425600
2/7/2020,77.66456604,78.48239315,77.17192793,78.23243405,117684000
2/10/2020,78.03343201,78.03343201,76.16480809,76.2448889,109348800
2/11/2020,77.56264496,78.60374012,77.3442353,78.53093937,94323200
2/12/2020,79.4045639,79.40941482,78.01401071,78.01401071,113730400
2/13/2020,78.83911133,79.1667294,78.47024198,78.67409142,94747600
2/14/2020,78.85855103,79.10851012,78.3489236,78.8075831,80113600
2/18/2020,77.41461182,77.59662109,76.3492473,76.53125658,152531200
2/19/2020,78.53578186,78.76632989,77.65728501,77.65728501,93984000
2/20/2020,77.73007965,78.78573477,77.22288144,78.29552586,100566000
2/21/2020,75.97066498,77.76649567,75.35183643,77.32238891,129554000
2/24/2020,72.3620224,73.8180964,70.19004979,72.13876187,222195200
2/25/2020,69.9109726,73.41768759,69.43775292,73.03425797,230673600
2/26/2020,71.0200119,72.28922581,69.52753745,69.53481752,198054800
2/27/2020,66.37756348,69.40620034,66.24166382,68.21707461,320605600
2/28/2020,66.33872986,67.56426329,62.2156159,62.43160377,426510000
3/2/2020,72.5149231,73.15317015,67.39682305,68.50343887,341397200
3/3/2020,70.21190643,73.77443321,69.35767141,73.69435238,319475600
3/4/2020,73.46865082,73.62881987,71.13650878,71.93977582,219178400
3/5/2020,71.0855484,72.69450423,70.71910068,71.71650799,187572800
3/6/2020,70.14152527,70.57592284,68.24863165,68.43549185,226176800
3/9/2020,64.59386444,67.4865936,63.82456885,64.00657808,286744800
3/10/2020,69.24602509,69.51297347,65.37044115,67.25606173,285290000
3/11/2020,66.84105682,68.24616992,65.97469125,67.31671287,255598800
3/12/2020,60.2402153,65.52333888,60.18440016,62.11127227,418474000
3/13/2020,67.45748901,67.93071608,61.38565876,64.28325062,370732000
3/16/2020,58.77928925,62.87327958,58.24296696,58.71619033,322423600
3/17/2020,61.36381912,62.5165408,57.85467875,60.06548484,324056000
3/18/2020,59.86163712,60.66975875,57.54405159,58.18715326,300233600
3/19/2020,59.40297318,61.35896558,58.87636012,60.0363656,271857200
3/20/2020,55.63173676,61.11385462,55.33081345,59.98539502,401693200
3/23/2020,54.44989014,55.45215567,51.59598622,55.35023092,336752800
3/24/2020,59.91259766,60.10916707,56.85969514,57.35961333,287531200
3/25/2020,59.58256149,62.67186477,59.28649276,60.85177189,303602000
3/26/2020,62.71796036,62.77620095,59.78639764,59.82522717,252087200
3/27/2020,60.12130737,62.09428547,59.95385824,61.33712804,204216800
3/30/2020,61.83705139,62.00935516,60.52415677,60.84934953,167976400
3/31/2020,61.71084976,63.70081709,61.1551164,62.02876241,197002000
4/1/2020,58.46380615,60.35912879,58.03183777,59.82038104,176218400
4/2/2020,59.43937683,59.49276652,57.49066439,58.3254809,165934000
4/3/2020,58.58514404,59.62623543,57.99300663,58.92246774,129880000
4/6/2020,63.69596481,63.85127554,60.51929722,60.88816668,201820400
4/7/2020,62.95822144,65.93589799,62.85387123,65.71748093,202887200
4/8/2020,64.56961823,64.88509804,63.39505248,63.76149282,168895200
4/9/2020,65.03554535,65.54032184,64.23713674,65.20785278,161834800
4/13/2020,66.31204987,66.4212584,64.51136807,65.11321478,131022800
4/14/2020,69.66104126,69.95225918,67.47692909,67.95015636,194994800
4/15/2020,69.02519226,69.48628092,68.10301494,68.53255414,131154400
4/16/2020,69.57365417,69.94010189,68.52042804,69.7411033,157125200
4/17/2020,68.62961578,69.63673952,67.18810198,69.08828263,215250000
4/20/2020,67.20510101,68.35782639,67.18568995,67.45263836,130015200
4/21/2020,65.12776184,67.28275254,64.41428499,67.04735361,180991600
4/22/2020,67.00366211,67.44048127,66.05721565,66.39938646,116862400
4/23/2020,66.74401855,68.37482206,66.70518902,66.94786807,124814400
4/24/2020,68.67086029,68.68056952,67.22206672,67.27060547,126161200
4/27/2020,68.71941376,69.05188279,67.9379871,68.38693732,117087600
4/28/2020,67.60552216,69.36494516,67.51331034,69.18293588,112004800
4/29/2020,69.82603455,70.29683242,68.89414803,69.09799751,137280800
4/30/2020,71.2990799,71.47623821,69.97648392,70.36719352,183064000
5/1/2020,70.15123749,72.56103877,69.36981062,69.46688076,240616800
5/4/2020,71.1437912,71.2724108,69.48386739,70.17550416,133568000
5/5/2020,72.211586,73.04640262,71.45927937,71.6048883,147751200
5/6/2020,72.95659637,73.58998507,72.52947892,72.91533768,142333600
5/7/2020,73.71134949,74.05838624,73.28181013,73.58515902,115215200
5/8/2020,75.46578217,75.51931637,74.04470106,74.37320609,133838400
5/11/2020,76.65325928,77.14965926,74.76253421,74.97180699,145946400
5/12/2020,75.7772522,77.79207365,75.65558422,77.3394649,162301200
5/13/2020,74.86231232,76.88200539,73.78189998,75.95732422,200622400
5/14/2020,75.32220459,75.38303857,73.37308145,74.09822518,158929200
5/15/2020,74.87687683,74.92311124,73.05185785,73.08592843,166348400
5/18/2020,76.64108276,77.01582218,75.51200791,76.20551679,135178400
5/19/2020,76.19822693,77.50736817,76.16659207,76.65812804,101729600
5/20/2020,77.68016052,77.75072262,77.02071456,77.05964921,111504800
5/21/2020,77.1009903,78.08406952,76.86251841,77.54142773,102688800
5/22/2020,77.59741211,77.68014545,76.73600068,76.83819763,81803200
5/26/2020,77.07180023,78.89924822,77.01583029,78.71918199,125522000
5/27/2020,77.40758514,77.55358818,76.18604151,76.92822052,112945200
5/28/2020,77.44168854,78.70460308,76.80414935,77.08154855,133560800
5/29/2020,77.3662262,78.14733245,77.00852208,77.68499567,153532400
6/1/2020,78.31765747,78.43932542,77.18857538,77.31997884,80791200
6/2/2020,78.6802597,78.70459479,77.60714708,78.05002037,87642800
6/3/2020,79.11338806,79.37619506,78.42717886,79.0014556,104491200
6/4/2020,78.43205261,79.23505835,78.05731313,78.93575986,87560400
6/5/2020,80.6658783,80.72671229,78.65349239,78.68269152,137250400
6/8/2020,81.14281464,81.17688524,79.64873557,80.36170821,95654400
6/9/2020,83.7051239,84.09932692,80.78996422,80.82159908,147712400
6/10/2020,85.85865021,86.32828678,84.21613265,84.6565701,166651600
6/11/2020,81.73654938,85.42552351,81.63435243,84.99968557,201662400
6/12/2020,82.44223022,84.63225413,81.32775466,83.88278255,200146000
6/15/2020,83.46179962,84.11637396,80.92867135,81.09170972,138808800
6/16/2020,85.67372131,85.94626383,83.88277222,85.52285421,165428800
6/17/2020,85.55448914,86.48159855,85.43282116,86.42076456,114406400
6/18/2020,85.58856201,86.00710017,84.97778636,85.51069272,96820400
6/19/2020,85.09944916,86.76386617,83.98740208,86.29666531,264476000
6/22/2020,87.32598114,87.46954848,85.4474271,85.49366152,135445200
6/23/2020,89.18991852,90.6134352,88.15330508,88.57427891,212155600
6/24/2020,87.61554718,89.73987283,87.24080771,88.81762744,192623200
6/25/2020,88.77869415,88.8176288,87.00964433,87.7712871,137522400
6/26/2020,86.05088806,88.89548574,85.90244928,88.67404915,205256800
6/29/2020,88.03408051,88.12898509,85.47905301,85.95842513,130646000
6/30/2020,88.76894379,89.05608583,87.6009343,87.62039791,140223200
7/1/2020,88.60103607,89.39187779,88.55237334,88.84680772,110737200
7/2/2020,88.60103607,90.14865635,88.48667532,89.51111744,114041600
7/6/2020,90.97114563,91.44078223,90.00266588,90.03430075,118655600
7/7/2020,90.68889618,92.1318769,90.5769637,91.35077041,112424400
7/8/2020,92.80101776,92.83265262,91.58190244,91.66950723,117092000
7/9/2020,93.20009613,93.75003028,92.14888314,93.69649608,125642800
7/10/2020,93.36314392,93.4215496,92.18053466,92.79373864,90257200
7/13/2020,92.93245697,97.29060582,92.71832009,94.67230797,191649200
7/14/2020,94.47029877,94.66252878,91.37506583,92.3119031,170989200
7/15/2020,95.12001038,96.60192525,93.91793033,96.35128955,153198000
7/16/2020,93.94958496,94.80856065,93.34854481,93.98851961,110577600
7/17/2020,93.75977325,94.55791486,93.28526519,94.40218372,92186800
7/20/2020,95.73565674,95.87436001,93.5018346,93.8473749,90318000
7/21/2020,94.41434479,96.60436825,94.16370907,96.5289347,103433200
7/22/2020,94.67958832,95.36336178,94.02744972,94.11504711,89001600
7/23/2020,90.37012482,94.48980151,89.55738347,94.41193221,197004400
7/24/2020,90.14624023,90.49178057,86.76873583,88.56212814,185438800
7/27/2020,92.28272247,92.37519132,90.98818087,91.21204579,121214000
7/28/2020,90.76675415,92.02966845,90.76188268,91.85203052,103625600
7/29/2020,92.50660706,92.69154478,91.2144936,91.25099251,90329200
7/30/2020,93.62593842,93.73057109,91.26801257,91.67681516,158130000
7/31/2020,103.4275131,103.5783802,98.13738458,100.1424778,374336800
8/3/2020,106.0336456,108.6616711,105.0165031,105.3158016,308151200
8/4/2020,106.7417374,107.836749,105.4982869,106.2234307,173071600
8/5/2020,107.1286392,107.4498444,105.9946929,106.4619012,121776800
8/6/2020,110.866272,111.3626793,106.8707004,107.4620049,202428800
8/7/2020,108.345665,110.8443556,107.5460843,110.386058,198045600
8/10/2020,109.9204407,110.9418572,107.2608581,109.7961132,212403600
8/11/2020,106.6514282,109.6815459,106.3905875,109.1818107,187902400
8/12/2020,110.1959076,110.4543082,107.5509508,107.7459676,165598000
8/13/2020,112.1461029,113.1528935,111.0905544,111.5805439,210082000
8/14/2020,112.0461655,112.1363609,110.230041,111.9705959,165565200
8/17/2020,111.7536316,113.1967811,111.1246962,113.1724021,119561600
8/18/2020,112.6848602,113.111466,111.1685812,111.5049915,105633600
8/19/2020,112.8262405,114.2450111,112.7311723,113.0943942,145538000
8/20/2020,115.3298035,115.4443779,112.8506117,112.8676777,126907200
8/21/2020,121.2730484,121.7581577,116.2805395,116.2927253,338054800
8/24/2020,122.7234802,125.578087,120.8512925,125.4927569,345937600
8/25/2020,121.7166901,122.0628534,119.9883285,121.59237,211495600
8/26/2020,123.371933,123.8302306,121.9677884,123.0379628,163022400
8/27/2020,121.8971024,124.3104704,120.7489182,123.9765002,155552400
8/28/2020,121.6996536,123.2939349,121.4753776,122.8746421,187630000
8/31/2020,125.8267136,127.7379133,122.8624204,124.403078,225702700
9/1/2020,130.8387451,131.4433165,127.2796406,129.4541067,151948100
9/2/2020,128.1279755,134.5441273,123.8375467,134.1638394,200119000
9/3/2020,117.8699417,125.6317274,117.4994068,123.7497938,257599600
9/4/2020,117.9479523,120.619721,108.1287075,117.0801149,332607200
9/8/2020,110.0106277,116.0269845,109.8741145,111.1124865,231366600
9/9/2020,114.3985825,116.1732618,112.3898815,114.3400789,176940500
9/10/2020,110.6639481,117.4993919,109.6986024,117.3628787,182274400
9/11/2020,109.2110519,112.3606239,107.2608546,111.7170552,180860300
9/14/2020,112.487381,113.0431869,109.9911308,111.8633184,140150100
9/15/2020,112.6629333,115.8710098,110.7809921,115.3834603,184642000
9/16/2020,109.3378296,113.1114648,109.2500743,112.3606419,154679000
9/17/2020,107.5923843,109.4060685,106.0029762,106.9878279,178011000
9/18/2020,104.1795425,108.1189422,103.4482185,107.650899,287104900
9/21/2020,107.3388748,107.4461363,100.5326821,101.9368267,195713800
9/22/2020,109.0257874,110.049644,106.4417817,109.8741259,183055400
9/23/2020,104.4525909,109.3183321,104.1113004,108.8405357,150718700
9/24/2020,105.5251923,107.5046416,102.385373,102.551138,167743300
9/25/2020,109.4840775,109.6400968,104.988872,105.7299491,149981400
9/28/2020,112.0973587,112.4483949,109.971643,112.1461166,137672400
9/29/2020,111.2490158,112.4386375,110.7419677,111.6975678,99382200
9/30/2020,112.926178,114.3400756,110.7907169,110.9564819,142675200
10/1/2020,113.8817978,114.78864,112.9457038,114.7106303,116120400
10/2/2020,110.2056351,112.4971226,109.4255607,110.0788749,144712000
10/5/2020,113.5989838,113.74525,110.7224459,111.073482,106243800
10/6/2020,110.3421631,113.2284541,109.4548198,112.818907,161498200
10/7/2020,112.2143707,112.6726683,111.2880224,111.7658262,96849000
10/8/2020,112.1071014,113.5014929,111.7365592,113.3552266,83477200
10/9/2020,114.0573044,114.0865562,112.0583489,112.4093851,100506900
10/12/2020,121.302269,122.0628447,116.3097614,117.0703371,240226800
10/13/2020,118.0844574,122.2676319,116.6705672,122.1506174,262330500
10/14/2020,118.1722336,119.9664119,116.6413287,117.9869624,150712000
10/15/2020,117.704155,118.1819512,115.2079049,115.7637108,112559200
10/16/2020,116.0562592,118.5232654,115.8514893,118.2599846,115393800
10/19/2020,113.0919418,117.4213747,112.7799106,116.9728302,120639300
10/20/2020,114.5838547,116.017251,112.7506643,113.3064703,124423700
10/21/2020,113.9598083,115.7539867,113.5502612,113.7647841,89946000
10/22/2020,112.8676682,115.1006449,111.7365502,114.5253329,101988000
10/23/2020,112.1753693,113.6477706,111.4342921,113.4917512,82572600
10/26/2020,112.185112,113.6477601,110.0691421,111.1710084,111850700
10/27/2020,113.6965027,114.3595701,111.6878018,112.6141426,92276800
10/28/2020,108.4309769,112.5556478,108.3334685,112.185113,143937800
10/29/2020,112.4483871,114.0182967,109.4060764,109.5718488,146129200
10/30/2020,106.1492462,109.2013025,105.0376343,108.2944604,190272600
11/2/2020,106.0614853,107.9239274,104.6475951,106.3930227,122866900
11/3/2020,107.6899185,108.7137678,106.0225004,106.9293426,107624400
11/4/2020,112.0876007,112.7116633,109.5523454,111.2977731,138235500
11/5/2020,116.0660019,116.641314,113.9597925,115.0128935,126387100
11/6/2020,115.9341278,116.4322807,113.4335636,115.5727162,114457900
11/9/2020,113.6191711,119.1575179,113.3554435,117.7021162,154515300
11/10/2020,113.2772827,114.859663,111.480002,112.8670365,138023400
11/11/2020,116.7155609,116.8523097,113.7363833,114.4689691,112295000
11/12/2020,116.4420776,117.7314284,115.8169383,116.8425615,103162300
11/13/2020,116.4909058,116.8913821,115.1331807,116.6667266,81581900
11/16/2020,117.5067596,118.1807335,115.406679,116.1587971,91183000
11/17/2020,116.6178894,117.868168,116.1978733,116.7741779,74271000
11/18/2020,115.2894516,117.0378904,115.2601494,115.8559863,76322100
11/19/2020,115.8853149,116.2955612,114.0978036,114.8596918,74113000
11/20/2020,114.6154861,116.0122834,114.5666516,115.8853045,73604300
11/23/2020,111.2065125,114.8889809,111.1088358,114.4591949,127959300
11/24/2020,112.4958725,113.1600839,109.9757756,111.2651337,113874200
11/25/2020,113.3358994,114.0391829,112.4958671,112.8670486,76499200
11/27/2020,113.8828888,114.7619932,113.5214846,113.8633565,46691300
11/30/2020,116.2857666,118.1611841,114.0977721,114.2540606,169410200
12/1/2020,119.8705597,120.6031454,117.2234842,118.2002652,127728200
12/2/2020,120.2222214,120.5054888,118.0830683,119.1868283,89004200
12/3/2020,120.0854797,120.9059723,119.3724262,120.6520072,78967600
12/4/2020,119.4114761,120.0073131,118.6984227,119.753348,78260400
12/7/2020,120.8766556,121.6776157,119.411484,119.4700885,86712000
12/8/2020,121.4920425,122.0781172,120.2319939,121.4822801,82225500
12/9/2020,118.9524002,123.0255756,118.1905121,121.6385482,115089200
12/10/2020,120.3784866,120.9938634,117.360237,117.7021088,81312200
12/11/2020,119.5677719,119.9096438,117.7509586,119.5873043,86939800
12/14/2020,118.9524002,120.4859462,118.7179748,119.7533604,79184500
12/15/2020,124.9107437,124.9302835,121.2478152,121.4529383,157243700
12/16/2020,124.8423843,125.3893793,123.621408,124.4516779,98208600
12/17/2020,125.7117157,126.5712878,125.0670366,125.9070689,94359800
12/18/2020,123.719101,126.1024493,123.1916383,125.9657005,192541500
12/21/2020,125.2526093,125.3307535,120.5835978,122.1171435,121251600
12/22/2020,128.8178864,131.2891412,126.6396539,128.5541513,168904800
12/23/2020,127.9192657,129.3551203,127.7434374,129.0914001,88223700
12/24/2020,128.9057922,130.3612013,128.0559975,128.2708905,54930100
12/28/2020,133.5162048,134.1511066,130.4100333,130.878899,124486200
12/29/2020,131.7384644,135.5674445,131.2207716,134.8446361,121047300
12/30/2020,130.6151428,132.8324396,130.3025658,132.4319559,96452100
12/31/2020,129.6090851,131.6114893,128.6616062,130.9668102,99116600
1/4/2021,126.4052277,130.5077047,123.8167566,130.419798,143301900
1/5/2021,127.9680634,128.6811242,125.4479668,125.8972926,97664900
1/6/2021,123.6604919,128.0071725,123.4455989,124.7544895,155088000
1/7/2021,127.8801956,128.5737168,124.8912475,125.3796381,109578200
1/8/2021,128.9839172,129.5504519,127.2061689,129.3550838,105158200
1/11/2021,125.9851913,127.147563,125.5163407,126.1903219,100384500
1/12/2021,125.8093948,126.6787293,123.9144373,125.5163576,91951100
1/13/2021,127.8508682,128.3978632,125.5065997,125.7703199,88636800
1/14/2021,125.9168549,127.9583238,125.7703288,127.7629705,90221800
1/15/2021,124.1879425,127.1964299,124.0511938,125.7898628,111598500
1/19/2021,124.8619156,125.7214876,123.9925811,124.8130736,90757300
1/20/2021,128.9644012,129.4137271,125.5652074,125.6726539,104319500
1/21/2021,133.6920013,136.4269909,130.4881611,130.6932916,120150900
1/22/2021,135.8409576,136.6028457,131.8849911,133.11573,114459400
1/25/2021,139.601532,141.7211449,133.3696647,139.7480581,157611700
1/26/2021,139.835968,140.9494977,138.0875217,140.265754,98390600
1/27/2021,138.7615204,140.9495154,137.1498375,140.0997057,140843800
1/28/2021,133.9069366,138.6931737,133.5259926,136.2805228,142621100
1/29/2021,128.8960266,133.5650386,127.1866599,132.6761643,177523800
2/1/2021,131.0254059,132.2366197,127.8899322,130.6444619,106239800
2/2/2021,131.8556671,133.1450102,131.4844856,132.5784755,83305400
2/3/2021,130.8300629,132.6175741,130.5077233,132.6077967,89880900
2/4/2021,134.1999359,134.2096984,131.4649462,133.1352482,84183100
2/5/2021,133.7842102,134.4298527,132.9037994,134.3613836,75693800
2/8/2021,133.930954,133.979869,131.9842494,133.0700973,71297200
2/9/2021,133.0504608,134.8797804,132.8939537,133.647188,76774200
2/10/2021,132.443985,134.0091758,131.4755215,133.5102636,73046600
2/11/2021,132.1896667,133.4222446,130.8592588,132.9429013,64280000
2/12/2021,132.4244385,132.5809606,130.7810013,131.4266437,60145100
2/16/2021,130.2918549,133.0504853,129.9005497,132.541811,80576300
2/17/2021,127.9930267,129.3430039,126.6528416,128.3941091,97918500
2/18/2021,126.8875885,127.1712717,124.6376322,126.3886763,96856700
2/19/2021,127.0441132,127.8658467,125.9974034,127.4060724,87668800
2/22/2021,123.2583237,126.8973801,122.8670259,125.224582,103916400
2/23/2021,123.121376,123.9528791,115.8139168,121.067072,158273000
2/24/2021,122.6224594,122.827889,119.5703535,122.2213846,111039900
2/25/2021,118.357338,123.7083157,117.9171326,121.9670485,148199500
2/26/2021,118.62146,122.1333402,118.5627604,119.9225143,164560400
3/1/2021,125.0093689,125.146322,120.1181658,121.0572759,116307900
3/2/2021,122.3974686,125.9191333,122.2898615,125.6158811,102260900
3/3/2021,119.4040527,122.9746326,119.1888386,122.0942146,112966300
3/4/2021,117.5160446,120.9105408,116.0389066,119.1007971,178155000
3/5/2021,118.7779846,119.286674,115.0117594,118.3475638,153766600
3/8/2021,113.8280792,118.3671151,113.6813416,118.2986386,154376600
3/9/2021,118.455162,119.4040567,116.2052129,116.4399886,129525800
3/10/2021,117.3693314,119.5116736,116.8508575,119.0421222,111943300
3/11/2021,119.3062363,120.5290372,118.6214708,119.8736177,103026500
3/12/2021,118.3964691,118.5334222,116.5671638,117.7801802,88105100
3/15/2021,121.2920456,121.3018301,117.7997271,118.7681906,92403800
3/16/2021,122.8376694,124.4517678,122.0061664,122.964838,115227900
3/17/2021,122.0452957,123.1213589,119.6779479,121.3507458,111932600
3/18/2021,117.9073334,120.4996723,117.7019038,120.2061972,121229700
3/19/2021,117.3790894,118.7877582,117.0758372,117.2910513,185549500
3/22/2021,120.7051163,121.1746751,117.6432256,117.7117022,111912300
3/23/2021,119.8736191,121.5366253,119.4823213,120.6464301,95467100
3/24/2021,117.4769135,120.2257747,117.4573519,120.1475137,88530500
3/25/2021,117.9660568,119.0127817,116.4106575,116.9389084,98844700
3/26/2021,118.5725479,118.8366771,116.3323759,117.7312604,94071200
3/29/2021,118.7486267,119.9127354,118.1029918,119.0029714,80819200
3/30/2021,117.2910538,117.7801741,116.2736826,117.4964834,85671900
3/31/2021,119.4920959,120.8322809,118.5138553,119.0029756,118323800
4/1/2021,120.3236237,121.4779482,119.8247187,120.9692662,75089100
4/5/2021,123.1604996,123.4148442,120.3920767,121.1746722,88651200
4/6/2021,123.4637604,124.36374,122.915948,123.7474511,80171300
4/7/2021,125.1170044,125.1365659,122.4170576,123.0920462,83466700
4/8/2021,127.5234604,127.5528064,125.7235011,126.1441374,88844600
4/9/2021,130.1060181,130.1451411,126.6528295,126.9756507,106686700
4/12/2021,128.3843231,129.9592913,127.7875957,129.6364701,91420000
4/13/2021,131.5048676,131.7298736,129.0592662,129.5581784,91266500
4/14/2021,129.1571045,132.0624803,128.7951602,132.0037882,87222800
4/15/2021,131.573349,132.0624693,130.7320616,130.9081526,89347100
4/16/2021,131.2407684,131.7396658,130.3799119,131.3777215,84922400
4/19/2021,131.9059753,132.5222718,130.4386143,130.6049134,94264200
4/20/2021,130.2136078,132.5809483,128.941892,132.0820509,94812300
4/21/2021,130.5951385,130.8396987,128.4430119,129.4799447,68847100
4/22/2021,129.0690613,131.2309645,128.550595,130.1451169,84566500
4/23/2021,131.3972626,132.179843,129.2842596,129.2842596,78657500
4/26/2021,131.788559,132.1211571,130.6537964,131.896166,66905100
4/27/2021,131.4657593,132.4635689,131.1918531,132.0722637,66015800
4/28/2021,130.6733856,132.0820545,130.1842653,131.3874971,107760100
4/29/2021,130.5755768,134.0874726,129.56799,133.5005221,151101000
4/30/2021,128.5995178,130.6538142,128.2180046,128.9125471,109839500
5/3/2021,129.6560059,131.1527277,128.9614634,129.1668855,75135100
5/4/2021,125.0680695,128.6288724,123.9430912,128.3353972,137564700
5/5/2021,125.3126373,127.611494,125.1854613,126.3886931,84000900
5/6/2021,126.9169769,126.926754,124.3637602,125.1072253,78128300
5/7/2021,127.593071,128.6219563,126.8777316,128.2202078,78973300
5/10/2021,124.3006058,126.9365379,124.2614088,126.8091608,88071200
5/11/2021,123.379509,123.7322669,120.3026087,121.0179407,126142800
5/12/2021,120.3026047,122.1350247,119.7930588,120.9199479,112172300
5/13/2021,122.4583969,123.614682,121.7626671,122.0762356,105861300
5/14/2021,124.8885269,125.3196863,123.320685,123.7126473,81918000
5/17/2021,123.732254,124.3789931,122.654363,124.2712033,74244600
5/18/2021,122.3407822,124.4377722,122.2721893,124.0164139,63342900
5/19/2021,122.1839981,122.4093714,120.3907754,120.6847491,92612000
5/20/2021,124.7513504,125.1531139,122.5857674,122.7131594,76857100
5/21/2021,122.9091339,125.4274823,122.6935542,125.2510996,79295400
5/24/2021,124.5455856,125.3687075,123.4089028,123.4774957,63092900
5/25/2021,124.3496017,125.7410687,123.7812566,125.2511101,72009500
5/26/2021,124.3006058,124.8297539,123.8792475,124.4083956,56575900
5/27/2021,122.7621613,125.0747313,122.5661838,123.8988515,94625600
5/28/2021,122.1056442,123.2717305,122.0468525,123.0463497,71311100
6/1/2021,121.7822647,122.8307599,121.4491015,122.5661896,67637100
6/2/2021,122.5465851,122.7229678,121.5568891,121.7822624,59278900
6/3/2021,121.0571213,122.3407908,120.6553578,122.1742092,76229200
6/4/2021,123.3599091,123.6244869,121.3609073,121.576487,75169300
6/7/2021,123.3696976,123.7812547,122.3212024,123.6342679,71057600
6/8/2021,124.1928101,125.8782506,123.6734631,124.0556243,74403800
6/9/2021,124.5749741,125.1825162,123.9772331,124.653368,56877900
6/10/2021,123.57547,125.6136684,123.4088884,124.4671771,71186400
6/11/2021,124.7905502,124.8787453,123.5656724,123.9870307,53522400
6/14/2021,127.857605,127.9163967,124.5161431,125.2510696,96906500
6/15/2021,127.0345306,127.9752434,126.7895551,127.3285043,62746300
6/16/2021,127.5342865,128.2594196,125.8782641,127.7498662,91815000
6/17/2021,129.1413116,129.8860469,127.0443214,127.1913157,96721700
6/18/2021,127.8380737,128.8669593,127.622494,128.0830493,108953300
6/21/2021,129.641098,129.7488879,126.613203,127.6812931,79663300
6/22/2021,131.2873535,131.3853498,128.9747827,129.4745426,74783600
6/23/2021,131.0129395,131.6204891,130.5523842,131.0815398,60214200
6/24/2021,130.7287598,131.9340353,130.2583959,131.7478515,68711000
6/25/2021,130.4347839,131.1991065,130.1408103,130.7777557,70783700
6/28/2021,132.071228,132.5317833,130.6699749,130.7287667,62111300
6/29/2021,133.5900879,133.7468759,131.6498854,132.0908385,64556100
6/30/2021,134.2074127,134.6483657,133.139308,133.4332816,63261400
7/1/2021,134.5111847,134.5699764,133.0315227,133.854652,52485800
7/2/2021,137.1471252,137.1863148,134.9815347,135.1285141,78852600
7/6/2021,139.165741,140.2730205,137.2549343,137.2549343,108181800
7/7/2021,141.6644897,141.9780507,139.7928727,140.6551766,104911600
7/8/2021,140.3611908,141.1647028,137.8428351,138.7345496,105575500
7/9/2021,142.1936188,142.7227594,139.7830526,139.8810488,99890800
7/12/2021,141.5958557,143.3792847,141.1059047,143.2714949,76299700
7/13/2021,142.7129517,144.4963808,140.7433537,141.1353086,100827100
7/14/2021,146.1524353,146.5640075,144.7119776,145.1235498,127050800
7/15/2021,145.4958954,146.9853511,144.1338317,146.2406307,106820300
7/16/2021,143.4478912,146.7501571,142.9481465,145.4762961,93251400
7/19/2021,139.5870667,141.1745184,138.8227441,140.8609425,121434600
7/20/2021,143.212738,144.1436573,140.0868618,140.576813,96350000
7/21/2021,142.4777679,143.1931073,141.723254,142.60516,74993500
7/22/2021,143.8496399,145.2214969,142.8795314,143.0069234,77338200
7/23/2021,145.5742645,145.7310525,143.9672256,144.5845687,71447400
7/26/2021,145.9956512,146.8187656,144.7315689,145.2901204,72434100
7/27/2021,143.8202515,146.2112152,142.6247696,146.1230127,104818600
7/28/2021,142.0662079,144.0162185,139.6752443,141.8996263,118931200
7/29/2021,142.7129517,143.6046662,141.6742578,141.7820476,56699500
7/30/2021,142.9285431,143.3890983,141.2137141,141.4782919,70440600
8/2/2021,142.5953674,143.9966204,142.3307897,143.4184817,62880000
8/3/2021,144.398407,145.0647334,142.2622121,142.8795554,64786600
8/4/2021,143.9966278,144.8197421,143.3400951,144.3102037,56368300
8/5/2021,144.1044159,144.8687384,143.2323035,144.0260219,46397700
8/6/2021,143.4174957,144.3694264,142.9170021,143.6235901,54126800
8/9/2021,143.3683777,143.9670141,142.8090044,143.476329,48908700
8/10/2021,142.8875427,144.958235,142.5931286,143.7118903,69023100
8/11/2021,143.1426849,143.9866641,142.8188309,143.3291477,48493500
8/12/2021,146.1162415,146.2732643,143.1230587,143.4665443,72282600
8/13/2021,146.3223419,146.6560043,145.5078026,146.194759,59375000
8/16/2021,148.3046722,148.3733753,143.7413064,145.7727351,103296000
8/17/2021,147.3920288,148.8542612,146.3125153,147.431277,92229700
8/18/2021,143.6333618,147.912137,143.4272675,147.0092781,86326000
8/19/2021,143.9670563,145.242841,141.8080441,142.3281693,86960300
8/20/2021,145.4292908,145.7335132,144.0455548,144.6932629,60549600
8/23/2021,146.9209747,147.3920283,145.1348733,145.5470471,60131800
8/24/2021,146.8326111,148.0495156,146.3713659,146.6657799,48606400
8/25/2021,145.5961151,147.5196077,145.0465501,147.0190992,58991300
8/26/2021,144.7913818,146.3419489,144.7619419,145.5863044,48597200
8/27/2021,145.831665,145.9788646,144.094635,144.7325199,55802400
8/30/2021,150.2674408,150.6305581,145.8414654,146.2241993,90956700
8/31/2021,149.0014648,149.9533953,148.4715165,149.816004,86453100
9/1/2021,149.668808,152.0927943,149.5019768,149.9828537,80313700
9/2/2021,150.7875519,151.8376254,149.5608389,151.0034546,71115500
9/3/2021,151.4254608,151.7493149,150.237996,150.8955124,57808700
9/7/2021,153.7709351,154.3303084,151.5137801,152.0829767,82278300
9/8/2021,152.2203522,154.1143897,151.1113989,154.0555099,74420200
9/9/2021,151.1997528,153.2017419,151.0819782,152.5932971,57305700
9/10/2021,146.1947632,152.5834797,145.929789,152.112426,140893200
9/13/2021,146.7639923,148.5991507,145.9788927,147.8238745,102404300
9/14/2021,145.360611,148.2556663,144.1731609,147.5490782,109296300
9/15/2021,146.2536469,146.6560124,143.6431977,145.7924015,83281300
9/16/2021,146.0181427,146.1947972,144.4773985,145.6746719,68034100
9/17/2021,143.338974,146.0475662,143.0445599,146.0475662,129868800
9/20/2021,140.2770996,142.1416975,138.6382127,141.1210788,123478900
9/21/2021,140.7579193,141.9061356,140.1200347,141.2486044,75834000
9/22/2021,143.1328735,143.7020552,141.0229183,141.758946,76404300
9/23/2021,144.0946198,144.3399624,142.9267866,143.9179653,64838200
9/24/2021,144.1829224,144.722679,142.8482582,142.9464012,53477900
9/27/2021,142.6618042,143.2408241,141.1406921,142.7599472,74150700
9/28/2021,139.2663116,142.0534007,139.0504089,140.5813447,108972300
9/29/2021,140.1691284,141.7589436,139.3840291,139.8158345,74602000
9/30/2021,138.8638763,141.6902272,138.6479737,140.9836395,89056700
10/1/2021,139.9924774,140.2574516,136.5184329,139.2564496,94639600
10/4/2021,136.5478821,139.5606965,135.6940946,139.1190678,98322000
10/5/2021,138.4811859,139.5901393,136.7637876,136.8913706,80861100
10/6/2021,139.3546143,139.5018138,135.7922345,136.871748,83221100
10/7/2021,140.620575,141.5332573,140.0612015,140.3948639,61732700
10/8/2021,140.2378387,141.4939918,139.9041764,141.3467922,58773200
10/11/2021,140.1495209,142.1122619,139.1681504,139.6195874,64452200
10/12/2021,138.8737335,140.5813236,138.4124882,140.561692,73035900
10/13/2021,138.2849121,138.765774,136.6067621,138.6087662,78762700
10/14/2021,141.0818024,141.199577,138.873719,139.4625472,69907100
10/15/2021,142.1416931,142.2005729,140.8364686,141.0916345,67940300
10/18/2021,143.81987,144.1044609,140.4930241,140.777615,85589200
10/19/2021,145.9886627,146.3910282,143.8198424,144.2712644,76378900
10/20/2021,146.4793243,146.9602012,145.3605628,145.9297594,58418800
10/21/2021,146.6952515,146.8522743,145.1152444,146.0377351,61421000
10/22/2021,145.9199829,147.3822154,145.8709114,146.9013534,58883400
10/25/2021,145.8708954,146.5872916,144.8698934,145.9101436,50720600
10/26/2021,146.5382385,148.0299108,146.2340011,146.5480468,60893400
10/27/2021,146.0769653,146.940561,145.7236714,146.5774588,56094900
10/28/2021,149.7276611,150.3164743,146.93075,147.028893,100077900
10/29/2021,147.0092926,147.1466839,143.6824475,144.4773551,124953200
11/1/2021,146.1849518,146.9111563,145.0465584,146.2143917,74588300
11/2/2021,147.225174,148.7463009,145.8806865,145.8905098,69122000
11/3/2021,148.6678314,149.1388851,147.0289444,147.5883178,54511500
11/4/2021,148.1476746,149.5902752,147.8336289,148.7561194,60394600
11/5/2021,148.6783752,149.5825518,147.4793549,149.2778854,65463900
11/8/2021,147.8528595,148.9634315,147.5776759,148.8061794,55020900
11/9/2021,148.2164612,148.825794,147.4793592,147.616951,56787900
11/10/2021,145.3761292,147.5481291,145.3073408,147.4400202,65187100
11/11/2021,145.3270416,146.8602116,145.1403067,146.398308,41000000
11/12/2021,147.4105682,147.8135059,144.9437241,145.8773836,63804000
11/15/2021,147.4204254,149.2680995,146.8602206,147.7840577,59222800
11/16/2021,148.4031982,148.8847769,146.7717423,147.3614298,59256200
11/17/2021,150.8503723,152.3343988,148.3933659,148.4031885,88807000
11/18/2021,155.1550446,155.9412896,150.4179437,151.0665971,137827700
11/19/2021,157.7889709,158.2508894,153.8381,154.9388342,117305600
11/22/2021,158.2509003,162.8504099,158.23124,158.8995387,117467900
11/23/2021,158.6341705,159.0174629,156.3245784,158.3491494,96041900
11/24/2021,159.1550598,159.3516173,156.8946108,157.9855223,69463600
11/26/2021,154.1133118,157.6907135,153.6710535,156.8258572,76959800
11/29/2021,157.4842987,158.4179582,156.0592229,156.6292502,88748200
11/30/2021,162.4572754,162.6734932,157.1697925,157.2385959,174048100
12/1/2021,161.9363861,167.3712832,161.7005081,164.5997727,152052500
12/2/2021,160.9437714,161.376207,155.0862754,156.0101124,136739200
12/3/2021,159.0567932,162.123148,156.9732562,161.199311,118023100
12/6/2021,162.4769592,164.9929319,161.454836,161.4646586,107497000
12/7/2021,168.2361603,168.6292904,165.4450042,166.1722836,120405400
12/8/2021,172.0690918,172.9339629,167.7644113,169.1698269,116998900
12/9/2021,171.5580292,173.7103694,170.9290361,171.9020161,108923700
12/10/2021,176.3639526,176.5408649,171.6858169,172.1968785,115402700
12/13/2021,172.7177887,178.9978987,172.5113935,178.0052582,153237000
12/14/2021,171.3319855,174.6833461,169.2484487,172.2361621,139380400
12/15/2021,176.2165375,176.413095,169.3467408,172.0985915,131063300
12/16/2021,169.2976074,178.0249012,167.8135806,176.1968874,150185800
12/17/2021,168.1968536,170.4867857,166.7717927,167.0076558,195432700
12/20/2021,166.830719,167.6464468,164.5801079,165.3859982,107499100
12/21/2021,170.0150452,170.2214253,166.2115885,168.6096295,91185900
12/22/2021,172.6194458,172.8356636,169.1894594,170.0641531,92135300
12/23/2021,173.2484436,173.8086483,172.2558184,172.8258457,68356600
12/27/2021,177.2288055,177.3172542,174.0248743,174.0445195,74919600
12/28/2021,176.2066803,178.2116061,175.4597557,177.0617288,79144300
12/29/2021,176.295166,177.5236695,175.0764852,176.2460229,62348900
12/30/2021,175.135437,177.4646896,175.0273281,176.3836006,59773000
12/31/2021,174.5162964,176.1477376,174.2116149,175.027343,64062300
1/3/2022,178.8798981,179.7349465,174.6538588,174.7717904,104487900
1/4/2022,176.6096191,179.7939049,176.0395918,179.4892385,99310400
1/5/2022,171.91185,177.0715643,171.6366664,176.5211971,94537600
1/6/2022,169.042099,172.2853516,168.6882894,169.730058,96904000
1/7/2022,169.2091217,171.145244,168.0887273,169.9167408,86709100
1/10/2022,169.2287903,169.5334567,165.2779194,166.1722734,106765600
1/11/2022,172.0690918,172.1673631,167.8823579,169.3565618,76138300
1/12/2022,172.5113525,174.132971,171.813571,173.0912025,74805200
1/13/2022,169.2287903,173.5825988,168.8356602,172.7570482,84505800
1/14/2022,170.0936432,170.7914246,168.1476834,168.393384,80440800
1/18/2022,166.8798981,169.5727678,166.4966056,168.5604823,90956700
1/19/2022,163.3712769,168.1378756,163.0862707,167.076447,94815000
1/20/2022,161.6808319,166.761919,161.3565053,164.1083553,91420500
1/21/2022,159.6170044,163.4695895,159.5088955,161.5924326,122848900
1/24/2022,158.8405457,159.5088592,152.0395537,157.2680705,162294600
1/25/2022,157.0322113,159.9609591,154.3196813,156.2459662,115798400
1/26/2022,156.9437408,161.5629098,155.1059049,160.6882161,108275300
1/27/2022,156.481842,161.0223856,155.5580051,159.6562905,121954600
1/28/2022,167.4007721,167.4204323,160.0002696,162.8602288,179935700
1/31/2022,171.7742767,171.9904946,166.5949016,167.2337325,115541600
2/1/2022,171.6071777,171.8332182,169.3467286,171.0174901,86213900
2/2/2022,172.8160095,172.85533,170.3491803,171.7447583,84914300
2/3/2022,169.9265594,173.2091315,169.1599746,171.4793893,89418100
2/4/2022,169.6412201,171.3239605,167.9584796,168.9425345,82465400
2/7/2022,168.9228668,171.1763459,168.2241812,170.1037297,77251200
2/8/2022,172.0423126,172.5540254,168.6965171,168.9917366,74829200
2/9/2022,173.469162,173.8332574,172.1111617,173.2428336,71285000
2/10/2022,169.3755035,172.6819282,168.8146001,171.3632984,90865900
2/11/2022,165.9510193,170.3202255,165.3605803,169.5821843,98670700
2/14/2022,166.1871796,166.8760149,163.9041652,164.7012472,86185500
2/15/2022,170.0348511,170.1923035,167.5353581,168.2438788,62527400
2/16/2022,169.7986603,170.576057,167.3385233,169.1098249,61177400
2/17/2022,166.1871796,169.1688644,165.7837135,168.3028914,69589300
2/18/2022,164.6323547,167.8206824,163.5400534,167.1121768,82772700
2/22/2022,161.6999054,164.0321107,159.5644931,162.3493702,91162800
2/23/2022,157.5176697,163.5007101,157.2027649,162.900436,90009200
2/24/2022,160.1450806,160.2533272,149.5763268,150.1470804,141147500
2/25/2022,162.2214508,162.4871348,158.3049016,161.2275458,91974200
2/28/2022,162.4871368,162.7823563,159.8400268,160.4599862,95056600
3/1/2022,160.5977478,163.9435433,159.3873645,162.0738301,83474400
3/2/2022,163.9041901,164.691437,160.3517511,161.7687926,79724800
3/3/2022,163.579422,166.2166966,162.910272,165.7837101,76678400
3/4/2022,160.5682373,162.9102928,159.5153064,161.867197,83737200
3/7/2022,156.7599335,162.3887282,156.5040696,160.7551936,96418800
3/8/2022,154.9295959,160.2828567,153.3157466,156.2875964,131148300
3/9/2022,160.3517151,160.8043869,156.868168,158.9051534,91454900
3/10/2022,155.9923706,157.8325483,153.492863,157.6455755,105342000
3/11/2022,152.2627869,156.740239,152.0364585,156.3958138,96970100
3/14/2022,148.2183228,151.6625144,147.7066251,149.03509,108732100
3/15/2022,152.6170502,153.0894073,147.9821606,148.4938583,92964300
3/16/2022,157.0453033,157.4487694,151.9971124,154.5458107,102300200
3/17/2022,158.0588989,158.4328446,155.1165843,156.0809539,75615400
3/18/2022,161.3653259,161.8573534,157.2126129,157.9506541,123511700
3/21/2022,162.742981,163.6975153,160.410761,160.9027883,95811400
3/22/2022,166.1281586,166.7185825,162.2805002,162.8709242,81532000
3/23/2022,167.4959869,169.8872331,164.9767938,165.3113839,98062700
3/24/2022,171.2944489,171.3633249,167.4959962,168.3324339,90131400
3/25/2022,171.9340363,172.4851045,169.9954473,171.1074339,80546200
3/28/2022,172.8000183,172.9279352,169.2574152,169.4247027,90371900
3/29/2022,176.1064606,176.1556513,173.5282267,173.8726519,100589400
3/30/2022,174.9354248,176.746082,173.882479,175.7029863,92633200
3/31/2022,171.8258057,175.1912712,171.6191476,175.0042984,103049300
4/1/2022,171.5305786,172.091497,169.1983737,171.2550445,78751300
4/4/2022,175.5947876,175.6439934,171.6585674,171.7864993,76468400
4/5/2022,172.2686615,175.457005,171.6388669,174.669758,73401800
4/6/2022,169.0901337,170.8614353,167.4172436,169.6116815,89058800
4/7/2022,169.3952026,170.5957508,167.1417236,168.4308331,77594700
4/8/2022,167.3778687,169.0409236,166.5020605,169.0409236,76575500
4/11/2022,163.1071167,166.3348159,162.8611029,166.0199261,72246700
4/12/2022,164.9866028,167.1613551,163.9828629,165.3408631,79265200
4/13/2022,167.6829224,168.3127168,164.1108139,164.720923,70618900
4/14/2022,162.6544189,168.5390777,162.4084052,167.8994331,75329400
4/18/2022,162.4379578,163.9435606,160.9618753,161.3062856,69023900
4/19/2022,164.7307434,165.1440596,161.2964023,162.3887035,67723800
4/20/2022,164.5634766,166.187176,163.4515049,166.0690792,67929800
4/21/2022,163.7664337,168.7949554,163.2645711,166.2167361,87227800
4/22/2022,159.2102356,165.1932912,158.9248663,163.8057852,84882400
4/25/2022,160.2828522,160.5682215,155.9333317,158.5509061,96046400
4/26/2022,154.2997894,159.7514462,154.2210632,159.6628849,95623200
4/27/2022,154.0734863,157.2421294,152.9024586,153.4240065,88063200
4/28/2022,161.0307465,161.8967196,156.3958412,156.710746,130216800
4/29/2022,155.1362305,163.5499019,154.7426146,159.2594224,131747600
5/2/2022,155.4413147,155.7069987,150.8260949,154.2112461,123055300
5/3/2022,156.937088,158.1474865,153.8274856,155.6282931,88966500
5/4/2022,163.3727722,163.825429,156.7205526,157.1240186,108256500
5/5/2022,154.2702637,161.4637013,152.4792769,161.2373729,130525300
5/6/2022,154.9995575,157.1282427,151.9444991,153.7479673,116124600
5/9/2022,149.8552399,153.5705819,149.2935123,152.6836222,131577900
5/10/2022,152.2697144,154.4673918,150.7126214,153.2650797,115366700
5/11/2022,144.3758392,153.1960667,143.6958414,151.2743435,142689800
5/12/2022,140.4929504,144.0801717,136.7874739,140.6999122,182602000
5/13/2022,144.977005,145.9526561,141.0350023,142.4935391,113990900
5/16/2022,143.4297791,145.3810815,142.0894974,143.4396437,86643800
5/17/2022,147.0761414,147.5984556,144.5532467,146.7016463,78336300
5/18/2022,138.7782135,145.2233814,137.8715396,144.7207814,109742900
5/19/2022,135.3585205,139.6060259,134.619395,137.851836,136095600
5/20/2022,135.5950317,138.6599394,130.6872427,137.0732827,137426100
5/23/2022,141.0350037,141.1828227,135.6541633,135.7921328,117726300
5/24/2022,138.3248444,139.9115007,135.3387792,138.7683166,104132700
5/25/2022,138.4825592,139.7341342,136.3341599,136.4228514,92482700
5/26/2022,141.6953125,142.2471906,135.1515874,135.3979626,90601500
5/27/2022,147.4703369,147.5097503,143.1538387,143.2819586,90978500
5/31/2022,146.6819153,148.4755337,144.710914,146.9085913,103718400
6/1/2022,146.5538025,149.5398681,145.538723,147.7265356,74286600
6/2/2022,149.0175476,149.0766752,144.7306141,145.6865509,72348100
6/3/2022,143.2720947,145.8245379,142.3654359,144.7700449,88570300
6/6/2022,144.0211029,146.4158779,142.7990764,144.8981981,71598400
6/7/2022,146.5538025,146.8395911,142.0106441,142.2570192,67808200
6/8/2022,145.814682,147.6969768,145.3219317,146.4256876,53950200
6/9/2022,140.5718079,145.8048137,140.4634022,144.947433,69473000
6/10/2022,135.1417236,138.7190812,135.0727314,138.246045,91437900
6/13/2022,129.9678345,133.2396889,129.5342118,130.9434705,122207100
6/14/2022,130.8350677,131.9486884,129.5736281,131.1997132,84784300
6/15/2022,133.4663391,135.3486489,130.243763,132.342869,91533000
6/16/2022,128.1742706,130.47049,127.1690553,130.1649871,108123900
6/17/2022,129.6524658,131.1504311,127.9278396,128.1840794,134520300
6/21/2022,133.8999939,135.0727423,131.3869788,131.4855199,81000500
6/22/2022,133.3875275,135.7625728,131.968404,132.8356344,73409200
6/23/2022,136.2651978,136.5805502,133.6634763,134.8362246,72433800
6/24/2022,139.6060333,139.8524085,137.7434376,137.8715425,89116800
6/27/2022,139.6060333,141.4095014,138.9260354,140.6309474,70207900
6/28/2022,135.4472198,141.3405099,135.3289646,140.0692206,67083400
6/29/2022,137.2112732,138.6303968,134.6883935,135.4669476,66242400
6/30/2022,134.7376556,136.3637258,131.8304316,135.2599698,98964500
7/1/2022,136.9156189,137.0240246,133.6930421,134.0675222,71051600
7/5/2022,139.507431,139.5567091,134.9445595,135.7723912,73353800
7/6/2022,140.8477478,142.0303455,139.0344303,139.3005196,74064300
7/7/2022,144.2280273,144.4251245,141.2025331,141.2123827,66253700
7/8/2022,144.90802,145.410635,142.8976052,143.1538299,64547800
7/11/2022,142.7695007,144.5138414,141.6953084,143.5579044,63141600
7/12/2022,143.7451324,146.2975756,142.9468793,143.6465764,77588800
7/13/2022,143.3804932,144.3265654,140.0593458,140.9167416,71185600
7/14/2022,146.3172913,146.7903274,141.1729764,141.9909438,78140700
7/15/2022,147.9926453,148.6726432,146.0512076,147.6083006,76259900
7/18/2022,144.9375916,149.3723446,144.5729461,148.5543772,81420900
7/19/2022,148.8106232,149.0372841,144.7799284,145.7752789,82982400
7/20/2022,150.8210144,151.4911627,148.1897294,148.9288549,64823400
7/21/2022,153.0975189,153.3143302,149.7369584,152.2598374,65086600
7/22/2022,151.8558044,154.0140535,151.1856712,153.1369584,66675400
7/25/2022,150.7323303,152.7920232,150.0720467,151.7769587,53623900
7/26/2022,149.4019012,150.8702876,148.6134977,150.0523202,55138700
7/27/2022,154.5166626,155.0488414,149.9538042,150.3677127,78620700
7/28/2022,155.0685272,155.3543158,152.171153,154.7038818,81378700
7/29/2022,160.153717,161.2574881,157.1873653,158.902142,101786900
8/1/2022,159.1682129,161.2180562,158.5572073,158.6754625,67829400
8/2/2022,157.6899414,160.0551518,157.3154614,157.7786479,59907000
8/3/2022,163.7212372,164.1745591,158.4192386,158.50793,82507500
8/4/2022,163.4058533,164.7658489,162.0458576,163.6029504,55474100
8/5/2022,163.178894,163.6723288,160.8597445,161.0669937,56697000
8/8/2022,162.7051544,165.6065529,162.0439537,164.1854585,60276900
8/9/2022,162.7545319,163.6427235,161.1064614,161.8663552,63135500
8/10/2022,167.0178223,167.1165002,164.7085359,165.478293,70170500
8/11/2022,166.2776794,168.7448537,165.9816155,167.827057,57149200
8/12/2022,169.840271,169.909344,167.1757109,167.5902094,68039400
8/15/2022,170.9159393,171.1133102,169.100103,169.267869,54091700
8/16/2022,170.7580261,171.4291052,169.4060197,170.5113088,56377100
8/17/2022,172.2580872,173.8370694,170.3040896,170.5014605,79542000
8/18/2022,171.863327,172.6034792,170.8468526,171.4685852,62290100
8/19/2022,169.267868,171.4587196,169.0606188,170.7580356,70346300
8/22/2022,165.3697662,167.6296913,164.9454044,167.4619252,69026800
8/23/2022,165.0341949,166.4947728,164.4618088,164.8861705,54147100
8/24/2022,165.3302612,165.9026474,164.0670694,165.123027,53841500
8/25/2022,167.7974243,167.9059806,166.1394907,166.5638374,51218200
8/26/2022,161.4716034,168.8040525,161.4123936,168.3303593,78961000
8/29/2022,159.2610168,160.7610478,157.7215027,159.034026,73314000
8/30/2022,156.8234558,160.4255239,155.6490785,160.0011772,77906200
8/31/2022,155.1556244,158.4715065,155.076673,158.2050475,87991100
9/1/2022,155.8859253,156.3398769,152.6391159,154.5832502,74229900
9/2/2022,153.7641449,158.2544044,152.9351781,157.6524134,76957800
9/6/2022,152.5009613,155.0273451,151.6719944,154.4154908,73714800
9/7/2022,153.9121857,154.6128546,151.5930361,152.787155,87449600
9/8/2022,152.4318695,154.3069155,150.6752279,152.6094988,84923800
9/9/2022,155.3036499,155.7477532,152.7180566,153.4286039,68028800
9/12/2022,161.2841034,162.103207,157.2083419,157.4945275,104956000
9/13/2022,151.8200073,158.4320303,151.3561774,157.8004344,122656600
9/14/2022,153.2707062,155.0372111,151.593031,152.7575298,87965400
9/15/2022,150.3693237,153.2016499,149.3923324,152.6193853,90481100
9/16/2022,148.7212372,149.3627114,146.4218293,149.2245503,162278800
9/19/2022,152.4516144,152.5305658,147.1422661,147.3495003,81474200
9/20/2022,154.8398438,156.0043578,151.0700095,151.3857999,107689800
9/21/2022,151.7015991,156.6556888,151.5831796,155.2740623,101696800
9/22/2022,150.7344666,152.4417467,148.9284934,150.3791929,86652500
9/23/2022,148.4547729,149.4811257,146.6093318,149.2048034,96029900
9/26/2022,148.790329,151.7509377,147.6751615,147.6949032,93339400
9/27/2022,149.767334,152.6884748,147.9811023,150.7344771,84442700
9/28/2022,147.8725433,148.6620421,142.9381951,145.7014331,146691400
9/29/2022,140.6091766,144.7935092,138.8328083,144.1816548,128138200
9/30/2022,136.3853912,141.2210619,136.1880203,139.4249518,124925300
10/3/2022,140.5795746,141.191444,135.8820806,136.395257,114311700
10/4/2022,144.1816406,144.3000601,142.3657893,143.125683,87830100
10/5/2022,144.4776917,145.4448346,141.1322046,142.1782989,79471000
10/6/2022,143.5204468,145.6027424,143.3132126,143.8954621,68402200
10/7/2022,138.2505646,141.2210518,137.6189686,140.6683922,85925600
10/10/2022,138.5762177,140.0269171,136.7505181,138.5762177,74899000
10/11/2022,137.1551208,139.4940118,136.4051054,138.063039,77033700
10/12/2022,136.5235443,138.5170252,136.345915,137.3031798,70433700
10/13/2022,141.1124725,141.7045852,132.6056474,133.2175167,113224000
10/14/2022,136.5630188,142.6223975,136.3755112,142.4151482,88598000
10/17/2022,140.5401154,141.0236719,138.4282148,139.2177136,85250900
10/18/2022,141.8624878,144.7737497,138.7637182,143.5796461,99136600
10/19/2022,141.9710846,143.046769,139.6420714,139.829579,61758300
10/20/2022,141.5072327,143.9744067,140.7769437,141.1420957,64522000
10/21/2022,145.3362885,145.9086746,140.7769407,140.9940532,86548600
10/24/2022,147.4876556,148.2574127,144.0829586,145.2573358,75981900
10/25/2022,150.3397064,150.4877459,147.3988393,148.1192499,74732300
10/26/2022,147.3889618,149.9942966,146.0961501,148.9778222,88194300
10/27/2022,142.8987274,147.0929234,142.2375266,146.1257954,109180200
10/28/2022,153.6950684,155.4319533,145.8790634,146.2540636,164762400
10/31/2022,151.3265839,152.2147756,149.9252308,151.1489546,97943200
11/1/2022,148.6719055,153.4088828,147.1718745,153.0437459,80379300
11/2/2022,143.1256714,150.1719185,143.0960665,146.9941977,93604600
11/3/2022,137.0564728,140.9250003,136.9281749,140.1947113,97918500
11/4/2022,136.7895508,141.0302375,132.8355243,140.4569019,140814800
11/7/2022,137.3233643,137.5507166,134.1107171,135.5341693,83374600
11/8/2022,137.8966827,139.8044934,135.9097897,138.7962274,89908500
11/9/2022,133.3199005,136.9576132,133.0431198,136.9081848,74917800
11/10/2022,145.1819763,145.1819763,137.8966867,139.6166938,118854000
11/11/2022,147.9794312,148.2858658,142.7106893,144.1440359,93979700
11/14/2022,146.5757599,148.5527731,145.7355232,147.2578319,73374100
11/15/2022,148.315567,151.8247695,146.852581,150.4705199,89868300
11/16/2022,147.079895,148.147484,145.5971351,147.4159987,64218300
11/17/2022,148.9877319,149.7389916,144.470249,144.7470297,80389400
11/18/2022,149.5511627,150.9449607,148.2463418,150.5594437,74829600
11/21/2022,146.3088837,148.6417603,146.0222233,148.4341823,58724100
11/22/2022,148.4539185,148.6911655,145.2412719,146.4274919,51804100
11/23/2022,149.3337097,150.0849694,147.6235823,147.7323187,58301400
11/25/2022,146.4077454,147.1688998,145.4291182,146.6054437,35195900
11/28/2022,142.5624542,144.9546389,141.7321121,143.4718787,69246000
11/29/2022,139.5474854,143.145649,138.7369177,142.6316213,83763800
11/30/2022,146.3286438,147.0107158,138.934618,139.7748396,111380900
12/1/2022,146.6054077,147.4159903,144.9249496,146.5065661,71250400
12/2/2022,146.1111603,146.2989789,143.9759824,144.2824321,65447400
12/5/2022,144.9447327,149.1854195,144.0946164,146.0716296,68826400
12/6/2022,141.2674866,145.6070301,140.2888596,145.3796778,64727200
12/7/2022,139.3201599,141.7222244,138.390961,140.5557935,69721100
12/8/2022,141.0104828,141.8704939,139.4783094,140.7238225,62128300
12/9/2022,140.526123,143.8969347,139.2805949,140.704047,76097000
12/12/2022,142.8293152,142.8391948,139.4387299,141.05988,70462700
12/13/2022,143.7980804,148.2463609,142.5822213,147.7817615,93886200
12/14/2022,141.5640717,144.9744172,139.5376296,143.6794757,82291200
12/15/2022,134.9311676,140.1702562,134.4665682,139.4881842,98931900
12/16/2022,132.9640198,136.06793,132.1929858,135.118972,160156900
12/19/2022,130.8486176,133.6460931,129.8106977,133.5571311,79592600
12/20/2022,130.7794495,131.7185279,128.3971445,129.8799047,77432800
12/21/2022,133.893219,135.2375886,131.2242541,131.4516064,85928000
12/22/2022,130.7102356,133.013458,128.8024249,132.80588,77852100
12/23/2022,130.3445129,130.8980744,128.1500265,129.4153141,63814900
12/27/2022,128.5355072,129.8996511,127.240566,129.8699971,69007800
12/28/2022,124.5913773,129.5240233,124.4233329,128.1796536,85438400
12/29/2022,128.1203156,128.9803113,126.2619262,126.5189325,75703700
12/30/2022,128.4366302,128.4564046,125.9653718,126.9341114,77034200
1/3/2023,123.6325378,129.3955264,122.7428803,128.7826571,112117500
1/4/2023,124.9077148,127.1812834,123.6424274,125.4316222,89113600
1/5/2023,123.5830994,126.3014927,123.3260931,125.668849,80962700
1/6/2023,128.1302032,128.7925008,123.4545719,124.5617018,87754700
1/9/2023,128.6541595,131.8767015,128.3971532,128.970489,70790800
1/10/2023,129.2274628,129.7513701,126.64746,128.7628635,63896200
1/11/2023,131.9557648,131.975524,128.9605907,129.7415043,69458900
1/12/2023,131.8766785,132.7169001,129.9293191,132.3412778,71379600
1/13/2023,133.2111511,133.3693158,130.1467895,130.5125322,57809700
1/17/2023,134.377594,135.7120689,132.5883994,133.280351,63646600
1/18/2023,133.6559906,137.0169072,133.4780516,135.2474869,69672800
1/19/2023,133.715332,134.6840646,132.2325717,132.5390064,58280400
1/20/2023,136.2854004,136.4336854,132.6773573,133.7251719,80223600
1/23/2023,139.4881897,141.6727963,136.3150764,136.5325491,81760300
1/24/2023,140.891861,141.514625,138.6874952,138.6973748,66435100
1/25/2023,140.2295532,140.7929942,137.2146049,139.2707006,65799300
1/26/2023,142.3054199,142.5920802,140.2690836,141.5244912,54105100
1/27/2023,144.2527618,145.5378234,141.4355271,141.5146094,70555800
1/30/2023,141.3564301,143.8771247,141.2081601,143.2939094,64015300
1/31/2023,142.6316223,142.6810507,140.6447293,141.0599003,65874500
2/1/2023,143.7585297,144.9249755,139.6957814,142.3153183,77663600
2/2/2023,149.0865631,149.442411,146.4670117,147.1886173,118339000
2/3/2023,152.7242889,155.5711931,146.1309509,146.3286492,154357300
2/6/2023,149.9861145,151.3403789,149.0470362,150.8164716,69858300
2/7/2023,152.8725433,153.445879,148.9086372,148.9086372,83322600
2/8/2023,150.1739349,152.8033664,149.4325549,152.1114147,64120100
2/9/2023,149.1360016,152.5562414,148.6911766,152.0125597,56007100
2/10/2023,149.5022888,149.8289959,147.7301671,147.9677763,57450700
2/13/2023,152.3139648,152.7198599,149.4132102,149.4429094,62199000
2/14/2023,151.6704407,152.234757,149.353807,150.6012216,61707600
2/15/2023,153.7791748,153.9474757,151.3536388,151.5813383,65573800
2/16/2023,152.175354,154.7691909,151.8189477,151.9773387,68167900
2/17/2023,151.0269623,151.4724665,149.3439379,150.8289621,59144100
2/21/2023,146.9975739,149.7894263,146.9282806,148.7004026,58867200
2/22/2023,147.4232788,148.4528888,145.6907509,147.3836697,51011300
2/23/2023,147.9083862,148.8390037,145.7699631,148.5914997,48394200
2/24/2023,145.2452393,145.7204427,144.2651181,145.6412396,55469600
2/27/2023,146.443161,147.680681,145.9778523,146.2352661,44998500
2/28/2023,145.9382477,147.5915724,145.3640366,145.5818414,50547000
3/1/2023,143.8591919,145.7600204,143.5621841,145.3640201,55479000
3/2/2023,144.4532166,145.2452323,142.463275,142.9384935,52238100
3/3/2023,149.52211,149.6013131,145.8590539,146.5619568,70732300
3/6/2023,152.2941589,154.7394996,151.9278579,152.2545498,87558000
3/7/2023,150.0864105,152.4921418,149.6211019,152.1654348,56182000
3/8/2023,151.3437347,151.9377504,150.3141248,151.2843362,47204800
3/9/2023,149.0864716,152.9970308,148.7300653,152.0268196,53833600
3/10/2023,147.0173492,149.4329903,146.1362358,148.7102829,68572400
3/13/2023,148.9676971,151.6110378,146.2253488,146.3342512,84457100
3/14/2023,151.0665436,151.8684542,148.6014133,149.769625,73695900
3/15/2023,151.4625549,151.7199537,148.4231985,149.6805231,77167900
3/16/2023,154.2939758,154.8978861,150.1260025,150.6408149,76161100
3/17/2023,153.4524994,155.1751329,152.7396866,154.5217186,98944600
3/20/2023,155.8284912,156.2443112,152.6109396,153.5217675,73641400
3/21/2023,157.689743,157.8085401,154.9770938,155.7493202,73938300
3/22/2023,156.2542267,160.5211932,156.2344221,157.7095514,75701800
3/23/2023,157.3432159,159.9370678,156.1056961,157.2442234,67622100
3/24/2023,158.6500549,158.7391527,156.2740227,157.2739334,59196500
3/27/2023,156.6997375,159.1648829,156.2938273,158.3431678,52390300
3/28/2023,156.076004,156.9076289,154.4226793,156.3928164,45992200
3/29/2023,159.1648712,159.4420745,157.7590504,157.7788398,51305700
3/30/2023,160.7389832,160.8478855,159.6598694,159.9172681,49501700
3/31/2023,163.2536316,163.3526392,160.2934934,160.8182007,68749800
4/3/2023,164.5109406,164.6297376,162.5804126,162.6299164,56976200
4/4/2023,163.9763641,165.1742751,163.4615516,164.9366809,46278300
4/5/2023,162.125,163.402129,160.1845773,163.0952265,51511700
4/6/2023,163.0160217,163.3130295,160.3825758,160.8082754,45390100
4/10/2023,160.4122925,160.4122925,158.4817643,159.8083821,47716900
4/11/2023,159.1945648,160.7389873,158.9074517,160.7290925,47644200
4/12/2023,158.5015717,160.4419946,158.1847593,159.6103848,50133100
4/13/2023,163.9070587,164.144668,159.8083928,160.0163028,68445600
4/14/2023,163.5605469,164.6594652,162.1844253,162.9467267,49386500
4/17/2023,163.5803223,163.7387284,162.3923062,163.4417206,41516200
4/18/2023,164.8079529,165.7385703,163.9961326,164.4416518,49923000
4/19/2023,165.9563751,166.4810824,163.8872303,164.1446442,47720200
4/20/2023,164.986145,166.1939656,163.9070313,164.4317385,52456400
4/21/2023,163.3724213,164.7881367,162.8477141,163.4021205,58337300
4/24/2023,163.6793365,163.9466451,162.2537112,163.3526295,41949600
4/25/2023,162.1349182,164.6495521,162.0953091,163.5407391,48714100
4/26/2023,162.125,163.6298284,161.1745932,161.4319919,45498800
4/27/2023,166.7285767,166.877073,163.5407243,163.5407243,64902300
4/28/2023,167.9859161,168.1542322,166.2038993,166.8078097,55209200
5/1/2023,167.8968048,168.7482191,166.9562927,167.5899023,52472900
5/2/2023,166.8572693,168.6492107,165.8672534,168.3917969,48425700
5/3/2023,165.778183,169.2135399,165.491085,167.8077189,65136000
5/4/2023,164.1347198,165.3722397,162.6695006,163.2437116,81235400
5/5/2023,171.8370667,172.559774,169.0551093,169.272914,113316400
5/8/2023,171.7677612,172.1142728,170.3916397,170.7579408,55962800
5/9/2023,170.0550385,171.8073558,169.8867376,171.3222576,45326900
5/10/2023,171.8271637,172.2924724,170.1837336,171.2925617,53724500
5/11/2023,172.0152588,172.8468685,170.4510319,172.1142664,49514700
5/12/2023,171.0833588,172.5605131,169.5268767,172.1243012,45497800
5/15/2023,170.5876617,171.7178403,169.9928246,171.668268,37266700
5/16/2023,170.5876617,171.6484361,170.3199835,170.5083491,42110300
5/17/2023,171.2023468,171.4402696,168.9518977,170.2307933,57951600
5/18/2023,173.5420074,173.7303731,171.0932844,171.5096645,65496700
5/19/2023,173.6510468,174.8704464,173.4329408,174.8704464,55772400
5/22/2023,172.6993256,173.2049418,171.9557865,172.4812196,43570900
5/23/2023,170.082077,171.8864057,169.8044903,171.6385594,50747300
5/24/2023,170.3596649,170.9346703,169.051044,169.6161259,45143500
5/25/2023,171.4997406,172.4018897,170.2109367,170.9247353,56058300
5/26/2023,173.9187317,174.2558142,171.6187255,171.826923,54835000
5/30/2023,175.7726288,177.4480725,175.0489217,175.4355614,55964400
5/31/2023,175.723053,177.8049683,175.2372687,175.8023656,99625300
6/1/2023,178.5385895,178.5683298,175.405808,176.169179,68901800
6/2/2023,179.3911591,180.2140106,177.7157156,179.4704717,61945900
6/5/2023,178.032959,183.3566928,176.5062173,181.0566869,121946500
6/6/2023,177.6661682,178.5683173,175.9014884,178.4196156,64848400
6/7/2023,176.288147,179.6489426,175.7924543,176.902801,61944600
6/8/2023,179.0144653,179.2821285,175.9312562,176.3674531,50214900
6/9/2023,179.4010925,180.660141,179.0739336,179.9364339,48870700
6/12/2023,182.2066956,182.3058401,179.4109969,179.7084155,54274900
6/13/2023,181.7308502,182.5636103,180.8683498,181.2252491,54929100
6/14/2023,182.3653412,182.8015532,180.4519746,181.7903358,57462900
6/15/2023,184.4075928,184.913209,182.1968076,182.3752648,65433200
6/16/2023,183.3269653,185.3791401,182.6825709,185.1213703,101235600
6/20/2023,183.4161835,184.4968049,182.8213614,182.8213614,49799100
6/21/2023,182.3752441,183.8127498,181.017036,183.3071336,49515700
6/22/2023,185.3890381,185.4386104,182.0877235,182.1571277,51245300
6/23/2023,185.0718079,185.9442318,183.4161962,183.9515527,53079300
6/26/2023,183.6739655,186.4300155,183.6343016,185.2205242,48088700
6/27/2023,186.4399261,186.7670851,184.0705158,184.2886218,50730800
6/28/2023,187.6196594,188.2640538,185.9838798,186.3110236,51216800
6/29/2023,187.9567413,188.4326172,187.3123469,187.4511403,46347300
6/30/2023,192.2990265,192.8046276,189.6123654,189.9791883,85069600
7/3/2023,190.8020172,192.2097825,190.1080354,192.1106379,31458200
7/5/2023,189.6817474,191.3175271,188.9778572,189.9196853,46920300
7/6/2023,190.157608,190.3658056,187.5700918,188.2045778,45094300
7/7/2023,189.0373535,191.0102158,188.6011567,189.7610757,46778000
7/10/2023,186.985199,188.3533157,185.4287167,187.6295934,59922200
7/11/2023,186.4597626,187.6692539,184.9925165,187.5304606,46638100
7/12/2023,188.1352081,190.0485747,186.8464041,188.0459719,60750200
7/13/2023,188.8985596,189.5429691,188.1451121,188.8589108,41342300
7/14/2023,189.047287,189.5330562,187.9964209,188.591243,41573900
7/17/2023,192.3188324,192.6459913,190.1576047,190.2468257,50520200
7/18/2023,192.0610962,192.6559335,190.7623837,191.68438,48353800
7/19/2023,193.4192963,196.5223223,190.9903899,191.4365255,80507300
7/20/2023,191.4662476,194.7774708,190.84167,193.4093543,59581200
7/21/2023,190.2865143,193.2904108,189.582624,192.4279104,71917800
7/24/2023,191.0895386,193.2309347,190.5938459,191.7438566,45377800
7/25/2023,191.9520264,192.7649696,191.2580596,191.6645313,37283200
7/26/2023,192.8244629,193.9546417,191.6546354,192.0016112,47471900
7/27/2023,191.5554657,195.5011749,190.8912394,194.3313475,47460200
7/28/2023,194.1430054,194.9361167,192.4675616,192.9929947,48291400
7/31/2023,194.7576141,194.797278,193.5778634,194.3709745,38824100
8/1/2023,193.924881,195.0352277,193.597722,194.5494586,35175100
8/2/2023,190.9210052,193.4985983,190.1972981,193.3598049,50389300
8/3/2023,189.5231171,190.7127763,189.0472564,189.9196802,61235200
8/4/2023,180.422226,185.7657924,180.3528217,183.921815,115799700
8/7/2023,177.3092804,181.5524086,175.8222023,180.5610232,97576100
8/8/2023,178.2510681,178.7170204,176.0501917,178.1420151,67823000
8/9/2023,176.654953,179.3713391,175.4851105,179.3118584,60378500
8/10/2023,176.4368286,179.1928783,176.0700209,177.9338148,54686900
8/11/2023,176.4964142,177.320377,175.265446,176.0298478,51988100
8/14/2023,178.1542816,178.3826039,176.0199156,176.6751172,43675600
8/15/2023,176.1588745,178.1741031,175.761791,177.5784777,43622600
8/16/2023,175.2853088,177.2409615,175.2158109,175.8412319,46964900
8/17/2023,172.7339783,176.2184341,172.2177575,175.8511311,66062900
8/18/2023,173.2204437,173.8260061,170.7088528,171.0463754,61114200
8/21/2023,174.5606079,174.8485064,172.4758963,173.7962212,46311900
8/22/2023,175.9404907,176.3872135,174.9676253,175.7717294,42084200
8/23/2023,179.8021851,180.2290643,177.0324915,177.2211115,52722800
8/24/2023,175.0966797,179.7823386,174.7293615,179.3554594,54945800
8/25/2023,177.3104401,177.8465044,174.5407467,176.0893937,51449600
8/28/2023,178.8789673,179.2760509,177.2509003,178.7796888,43820700
8/29/2023,182.7803497,183.5546733,178.1939694,178.3925112,53003900
8/30/2023,186.2846527,186.4832096,183.3958374,183.5943792,60813900
8/31/2023,186.503067,187.7439721,186.1159052,186.4732865,60794500
9/1/2023,188.0815125,188.538157,186.9100902,188.111293,45732600
9/5/2023,188.3197632,188.5977247,186.2449734,186.9100967,45280000
9/6/2023,181.5791779,187.4759617,180.1496527,187.0292237,81755800
9/7/2023,176.2680817,176.9133614,172.2773267,173.9053936,112488800
9/8/2023,176.8835449,178.928569,176.4963832,177.0523213,65551300
9/11/2023,178.0549774,178.9881404,176.0496707,178.7598181,58953100
9/12/2023,175.0172729,178.8194083,173.5480454,178.1840655,90370200
9/13/2023,172.9424591,176.0099727,172.7141217,175.2257122,84267900
9/14/2023,174.4613342,174.8187155,172.3170466,172.7339889,60895800
9/15/2023,173.7366333,175.2157976,172.5553044,175.1959389,109205100
9/18/2023,176.6750946,178.0748391,174.8881883,175.1959304,67257600
9/19/2023,177.7671051,178.3230282,175.841218,176.2283798,51826900
9/20/2023,174.2131653,178.3925254,174.1238086,177.9557244,58436200
9/21/2023,172.6644745,175.0172406,172.5949917,173.2799737,63047900
9/22/2023,173.5182343,175.7915809,172.7836281,173.3991122,56725400
9/25/2023,174.7988586,175.6823825,172.8828933,172.9325325,46172700
9/26/2023,170.7088318,173.925248,170.4110115,173.5480231,64588900
9/27/2023,169.1899719,171.7809826,167.8200229,171.3640403,66921800
9/28/2023,169.4480591,170.7783056,166.4003892,168.1078756,56294400
9/29/2023,169.9642944,171.8107618,169.1006142,170.7683985,51814200
10/2/2023,172.4857941,173.0317953,169.6863051,169.9742036,52164500
10/3/2023,171.1456299,172.3666914,169.5771391,171.0066491,49594600
10/4/2023,172.3964691,172.9424704,169.7260389,169.8451609,53020300
10/5/2023,173.6373901,174.1734545,171.4236043,172.5255288,48527900
10/6/2023,176.1985931,176.6949552,171.9199399,172.5354391,57224100
10/9/2023,177.6876831,177.7472441,174.520891,175.5235368,42390800
10/10/2023,177.0920563,178.4123812,176.6552552,176.8041729,43698000
10/11/2023,178.4917755,178.5414147,176.3077858,176.9034111,47551100
10/12/2023,179.3951874,181.0133174,177.7373247,178.7598445,56743100
10/13/2023,177.5487061,180.6062829,176.8438653,180.099999,51427100
10/16/2023,177.4196625,177.7770438,175.2257354,175.4639947,52517000
10/17/2023,175.8610535,177.1218172,173.5281611,175.3646915,57549400
10/18/2023,174.5606079,176.2879534,173.8359235,174.3025051,54764400
10/19/2023,174.1833649,176.5460378,173.9153251,174.7591315,59302900
10/20/2023,171.6221619,174.1436746,171.3839026,174.0344744,64189300
10/23/2023,171.7412567,172.7439025,168.6935867,169.6664671,55980100
10/24/2023,172.1780701,172.4063924,170.2025437,171.7909083,43816600
10/25/2023,169.8550873,171.8008179,169.4083493,170.6294108,57157000
10/26/2023,165.675705,170.1330411,164.4645805,169.1303802,70625300
10/27/2023,166.9960327,167.7306539,165.616147,165.6955667,58499100
10/30/2023,169.0509796,169.9245817,167.6413132,167.7902309,51131000
10/31/2023,169.5275116,169.6565554,166.6783829,168.1178451,44846000
11/1/2023,172.7042236,172.9623265,168.8822296,169.7558317,56934900
11/2/2023,176.2780151,176.4864787,174.1833668,174.2429278,77334800
11/3/2023,175.3647156,175.533492,172.088738,172.9722619,79763700
11/6/2023,177.9259338,178.1244756,174.927918,175.0966793,63841300
11/7/2023,180.4971008,181.1125849,177.6678311,177.8762947,70530000
11/8/2023,181.5592957,182.1152187,180.2687514,181.0232313,49340300
11/9/2023,181.0827942,182.7803438,180.4871537,181.6287954,53763500
11/10/2023,185.2875519,185.4565507,182.434685,182.8720615,66133400
11/13/2023,183.697113,184.9197681,183.1106378,184.7110299,43627500
11/14/2023,186.3213501,186.9873497,185.1881543,186.5797929,60108400
11/15/2023,186.8879547,188.3690679,186.6593316,186.7289211,53790500
11/16/2023,188.5777893,189.8203291,187.5241028,188.4386255,54412900
11/17/2023,188.5579224,189.2438068,187.4446114,189.1145778,50922700
11/20/2023,190.3074036,190.7646649,188.7467814,188.7567162,46505100
11/21/2023,189.5022278,190.3769806,188.6076052,190.2676365,38134500
11/22/2023,190.1682281,191.7785549,189.6910971,190.3471618,39617700
11/24/2023,188.8362427,189.7606851,188.1205385,189.7308653,24048300
11/27/2023,188.6573029,189.5320558,187.7726151,188.7865319,40552600
11/28/2023,189.2636719,189.9396215,188.26964,188.6473769,38415400
11/29/2023,188.2398224,190.9435905,187.8422157,189.76069,43014200
11/30/2023,188.8163605,189.1841626,187.0668698,188.7070164,48794400
12/1/2023,190.0986633,190.4167456,188.1006495,189.1940907,45679300
12/4/2023,188.2994385,188.9157485,186.3312597,188.846159,43389500
12/5/2023,192.2656403,193.2397872,189.0449716,189.0748065,66628400
12/6/2023,191.1722107,193.5976356,190.9634573,193.2894882,41089700
12/7/2023,193.1105804,193.8362195,192.4346309,192.4744006,47477700
12/8/2023,194.5419769,194.8203046,192.5141435,193.0409792,53377300
12/11/2023,192.0270691,192.3352317,190.2775785,191.9574947,60943700
12/12/2023,193.5479736,193.5579085,190.5758126,191.9276967,52696900
12/13/2023,196.7785797,196.8183343,193.6871396,193.9256976,70404200
12/14/2023,196.9276733,198.4286561,194.989314,196.8382141,66831600
12/15/2023,196.3908997,197.2159328,195.8242942,196.3511299,128256700
12/18/2023,194.7209167,195.4565058,193.2298688,194.9197201,55751900
12/19/2023,195.7646484,195.7745833,194.7209119,194.9893048,40714100
12/20/2023,193.6672516,196.5002336,193.6672516,195.7248899,52242800
12/21/2023,193.5181274,195.9038132,192.3451771,194.9296661,46482500
12/22/2023,192.4445801,194.2437754,191.8183351,194.0151371,37122800
12/26/2023,191.8978729,192.7328561,191.6791847,192.4545284,28919300
12/27/2023,191.9972687,192.3451859,189.9495652,191.3412191,48087700
12/28/2023,192.4247131,193.4982695,192.0171564,192.9813686,34049900
12/29/2023,191.3809662,193.239801,190.5857376,192.7427851,42628800
1/2/2024,184.5320892,187.3153817,182.7925333,186.033072,82488700
1/3/2024,183.1503601,184.7706368,182.3352467,183.1205404,58414500
1/4/2024,180.8243561,181.9973065,179.8005044,181.062914,71983600
1/5/2024,180.0986938,181.6692661,179.0947271,180.9038724,62303300
1/8/2024,184.4525604,184.4923302,180.4167933,181.0032685,59144500
1/9/2024,184.0350647,184.0449996,181.6394442,182.8223446,42841800
1/10/2024,185.0788116,185.2875499,182.8223549,183.2497965,46792900
1/11/2024,184.4823761,185.9336693,182.524132,185.4267034,49128400
1/12/2024,184.8104095,185.625523,184.0847705,184.9495734,40444700
1/16/2024,182.5340881,183.1603179,179.8501898,181.07286,65603000
1/17/2024,181.5897369,181.8382449,179.2239514,180.1881635,47317400
1/18/2024,187.5042419,188.0111928,184.7209496,184.9793924,78005800
1/19/2024,190.4167633,190.8044352,187.6931254,188.2000762,68741000
1/22/2024,192.7328339,194.1642421,191.1125571,191.1523269,60133900
1/23/2024,194.015152,194.5817575,192.6732179,193.8561184,42355600
1/24/2024,193.3392181,195.2080031,193.1801694,194.2537257,53631300
1/25/2024,193.0111694,195.0986425,191.9574981,194.0549059,54822100
1/26/2024,191.2716217,193.5976528,190.7944906,193.1105868,44594000
1/29/2024,190.5857391,191.0529354,188.4485765,190.8640669,47145600
1/30/2024,186.9177551,190.6553248,186.3511648,189.8004568,55859400
1/31/2024,183.2994995,185.9833981,183.24981,185.9237435,55467800
2/1/2024,185.7447968,185.834256,182.7229465,182.8919301,64885400
2/2/2024,184.7408447,186.2120078,178.1802278,178.7865879,102518000
2/5/2024,186.559906,188.1205434,184.7308909,187.0271022,69668800
2/6/2024,188.1702423,188.1801772,185.6553428,185.744802,43490800
2/7/2024,188.2796021,189.9098139,187.4843734,189.5022571,53439000
2/8/2024,187.196106,188.408811,186.2318937,188.2597123,40962000
2/9/2024,187.9624634,189.0971051,187.1164521,187.7633912,45155200
2/12/2024,186.2704468,187.7833075,185.9121381,187.5344824,41781900
2/13/2024,184.1703644,185.3348791,182.6475561,184.8969445,56529500
2/14/2024,183.2845612,184.6580806,181.582606,184.449076,54630500
2/15/2024,182.9959259,183.62297,180.4977275,182.6873852,65434500
2/16/2024,181.4532013,183.9812726,180.8162097,182.5579853,49701400
2/20/2024,180.7067413,181.5726478,179.1540751,180.9356562,53665600
2/21/2024,181.4631653,182.0304786,179.8109631,181.0849463,41529700
2/22/2024,183.50354,184.0907788,181.6025277,182.6177232,52292200
2/23/2024,181.6622314,184.1703775,181.3735858,184.1405197,45119700
2/26/2024,180.308609,181.9010804,179.8009961,181.3835352,40867400
2/27/2024,181.7717133,183.0556441,178.7161338,180.2489049,54318900
2/28/2024,180.5673981,182.2594057,179.2834672,181.6522719,48953900
2/29/2024,179.9005432,181.7119972,178.6862755,180.4181037,136682600
3/1/2024,178.8156738,179.6815803,176.5463901,178.7061902,73488000
3/4/2024,174.2770996,176.0686281,172.9732434,175.3221528,81510100
3/5/2024,169.3204956,171.2314705,168.8228454,169.9574872,95132400
3/6/2024,168.3251801,170.435227,167.8872455,170.256065,68587700
3/7/2024,168.2057495,169.9276148,167.6981518,168.3550385,71765100
3/8/2024,169.9276276,172.8836709,168.1460466,168.2057622,76114600
3/11/2024,171.9381409,173.5604854,171.2414336,172.1272504,60139500
3/12/2024,172.4158783,173.2121216,170.2063103,172.3362524,59825400
3/13/2024,170.3257599,172.3760763,169.9574884,171.9580519,52488700
3/14/2024,172.1869659,173.490807,171.2414336,172.0973926,72913500
3/15/2024,171.8087311,171.8087311,169.4896796,170.3655487,121664700
3/18/2024,172.9035797,176.8748336,172.7045227,174.7448915,75604200
3/19/2024,175.2524872,175.7799952,172.2168181,173.5206591,55215200
3/20/2024,177.830307,177.830307,174.26713,174.8941741,53423100
3/21/2024,170.5646057,176.6558538,170.0370978,176.2179193,106181300
3/22/2024,171.4703522,172.2367377,169.2607841,170.9527917,71106600
3/25/2024,170.0470734,171.1319471,168.6536437,169.7683905,54288300
3/26/2024,168.9124298,170.6143849,168.7830359,169.2010602,57388400
3/27/2024,172.4955139,172.7841595,169.3105556,169.6091488,60273300
3/28/2024,170.6741028,171.4205781,169.7086602,170.9428381,65672700
4/1/2024,169.2309113,170.4451789,168.683493,170.3854633,46240500
4/2/2024,168.0464935,168.5441437,167.4393598,168.2853711,49329500
4/3/2024,168.8526917,169.8778498,167.7877282,167.9967328,47691700
4/4/2024,168.0266113,171.1120333,168.0266113,169.4896889,53704400
4/5/2024,168.78302,169.5892108,168.155976,168.7929676,42055200
4/8/2024,167.6583405,168.4048157,167.4493359,168.2356165,37425500
4/9/2024,168.8726196,169.2806964,167.558831,167.907177,42451200
4/10/2024,166.9915009,168.295342,166.3246514,168.0067115,49709300
4/11/2024,174.2173615,174.6354009,167.3697056,167.5488523,91070300
4/12/2024,175.7202911,177.5217825,173.3912918,173.4410447,101593300
4/15/2024,171.8784027,175.7998881,171.6892932,174.5358526,73531800
4/16/2024,168.5839996,172.9434054,167.4792155,170.9428569,73711200
4/17/2024,167.2104645,169.8480044,167.2104645,168.8128987,50901200
4/18/2024,166.2549591,167.8474457,165.7672717,167.2403119,43122900
4/19/2024,164.2245636,165.6179781,163.3088891,165.4288837,67772100
4/22/2024,165.0606079,166.4739326,163.9956444,164.7421197,48116400
4/23/2024,166.1156311,166.2649353,164.1449406,164.5729276,49537800
4/24/2024,168.2256775,168.5043604,165.4288858,165.7573216,48251800
4/25/2024,169.0915833,169.8082008,167.3597551,168.7332745,50558300
4/26/2024,168.5043488,170.5347547,168.3849024,169.0816248,44838400
4/29/2024,172.6846008,175.2027094,172.2864868,172.5552069,68169400
4/30/2024,169.5294952,174.1675981,169.2010443,172.515396,65934800
5/1/2024,168.5043488,171.8983265,168.3152393,168.7830316,50383100
5/2/2024,172.2168274,172.6049939,170.0868851,171.6992669,94214900
5/3/2024,182.5181732,186.1211554,181.8015558,185.7727943,163224100
5/6/2024,180.8560333,183.3343215,179.5720874,181.4930249,78569700
5/7/2024,181.5427704,184.0310212,180.4678594,182.5878387,77305800
5/8/2024,181.8811951,182.209646,180.5972491,181.9906787,45057100
5/9/2024,183.7025909,183.7921643,181.2541454,181.7020275,48983000
5/10/2024,182.4368591,184.4700193,181.5199426,184.2806532,50759500
5/13/2024,185.6560211,186.4732817,184.0015779,184.8188385,72044800
5/14/2024,186.8021545,187.6692506,185.6659738,186.8818884,52393600
5/15/2024,189.0845184,190.011396,186.7423839,187.2805836,70400000
5/16/2024,189.2041016,190.4598908,189.0247118,189.8319962,52845200
5/17/2024,189.2339935,190.1708473,188.5463024,188.8751988,41282900
5/20/2024,190.4000854,191.2771427,188.3768864,188.6958218,44361300
5/21/2024,191.7057037,192.0844205,190.2804858,190.4499145,42309400
5/22/2024,190.2605438,192.1741259,189.6326645,191.6259651,34648500
5/23/2024,186.2540283,190.360223,186.0048657,190.3402858,51005900
5/24/2024,189.3436279,189.9416242,187.4101238,188.1875251,36294600
5/28/2024,189.3535919,192.3535038,188.4665738,190.8684894,52280100
5/29/2024,189.6526031,191.6060447,188.875217,188.9748882,53068000
5/30/2024,190.6492462,191.5362645,189.9914685,190.1210227,49947900
5/31/2024,191.6060333,191.9249687,189.2738751,190.798749,75158300
